chr	start	chr_2	end	category	SVTYPE	cell_line	clone	sample	supp_reads	coverage	SVLEN	timepoint
chr10	44077348	chr10	44077355	Fold back	FBt2t	HEK293T	HEK293T_F3R	F3R_c5t8	1	16.30590377090909	0	late
chr11	26886074	chr11	26886074	Fold back	FBt2t	HEK293T	HEK293T_F3R	F3R_c5t8	1	16.30590377090909	0	late
chr12	41084043	chr12	48381697	Inversion	INVh2h	HEK293T	HEK293T_F3R	F3R_c5t8	3	16.30590377090909	7297654	late
chr12	41084043	chr12	48381699	Inversion	INVt2t	HEK293T	HEK293T_F3R	F3R_c5t8	3	16.30590377090909	7297656	late
chr12	70473082	chr12	70473082	Fold back	FBh2h	HEK293T	HEK293T_F3R	F3R_c5t8	1	16.30590377090909	0	late
chr12	75003941	chr12	75003941	Fold back	FBt2t	HEK293T	HEK293T_F3R	F3R_c1t4	1	31.200904943939396	0	late
chr14	24529501	chr14	24529501	Fold back	FBh2h	HEK293T	HEK293T_F3R	F3R_c6	6	31.200904943939396	0	late
chr2	76907917	chr2	77757190	Inversion	INVt2t	HAP1	C516R	C516R_c1t6	3	29.137453624545454	849273	late
chr2	173529881	chr2	174271872	Deletion	DEL	HAP1	C516R	C516R_c11	4	1.843213636969697	741991	late
chr20	24399094	chr20	30143424	Inversion	INVt2t	HEK293T	HEK293T_F3R	F3R_c5t8	2	16.30590377090909	5744330	late
chr3	119004052	chr3	119056549	Deletion	DEL	HEK293T	HEK293T_F3R	F3R_c5t8	5	16.30590377090909	52497	late
chr3	119056549	chr3	119056549	Fold back	FBh2h	HEK293T	HEK293T_F3R	F3R_c5t8	1	16.30590377090909	0	late
chr3	176709114	chr3	177391363	Deletion	DEL	HEK293T	HEK293T_F3R	F3R_c6	17	31.200904943939396	682249	late
chr4	66548669	chr4	66548669	Fold back	FBh2h	HEK293T	HEK293T_F3R	F3R_c1t4	1	31.200904943939396	0	late
chr4	170412204	chr4	170434860	Deletion	DEL	HAP1	C516R	C516R_c7t12	20	29.137453624545454	22656	late
chr6	86734651	chr6	86734634	Fold back	FBt2t	HEK293T	HEK293T_F3R	F3R_c1t4	1	31.200904943939396	0	late
chr6	93035581	chr6	93634177	Deletion	DEL	HAP1	C516R	C516R_c7t12	5	29.137453624545454	598596	late
chr8	70811865	chr8	70811865	Fold back	FBt2t	HEK293T	HEK293T_F3R	F3R_c1t4	1	31.200904943939396	0	late
chr8	127771721	chr8	128347085	Deletion	DEL	HEK293T	HEK293T_F3R	F3R_c5t8	6	16.30590377090909	575364	late
chr9	105747165	chr9	105787660	Inversion	INVh2h	HAP1	C516R	C516R_c7t12	12	29.137453624545454	40495	late
chr9	105747165	chr9	105787660	Inversion	INVt2t	HAP1	C516R	C516R_c7t12	8	29.137453624545454	40495	late
chr9	108504531	chr9	108504531	Fold back	FBt2t	HEK293T	HEK293T_F3R	F3R_c5t8	1	16.30590377090909	0	late
chrX	26491311	chrX	31534043	Inversion	INVt2t	HAP1	C516R	C516R_c1t6	6	29.137453624545454	5042732	late
chrX	26491311	chrX	31534060	Inversion	INVh2h	HAP1	C516R	C516R_c1t6	4	29.137453624545454	5042749	late
chrX	74996623	chrX	106575731	Inversion	INVh2h	HEK293T	HEK293T_F3R	F3R_c5t8	3	16.30590377090909	31579108	late
chrX	75250635	chrX	113482819	Inversion	INVh2h	HEK293T	HEK293T_F3R	F3R_c5t8	2	16.30590377090909	38232184	late
chrX	75250635	chrX	113482819	Inversion	INVt2t	HEK293T	HEK293T_F3R	F3R_c5t8	4	16.30590377090909	38232184	late
chrX	129390391	chrX	129390391	Fold back	FBh2h	HEK293T	HEK293T_F3R	F3R_c5t8	1	16.30590377090909	0	late
chrX	129856234	chrX	136442861	Inversion	INVh2h	HAP1	C516R	C516R_c7t12	5	29.137453624545454	6586627	late
