chr	start	chr_2	end	SVLEN	category	SVTYPE	supp_reads	clone	sample
chr1	50863792	chr1	50888954	25162	Inversion	INVt2t	2	C516	C516_d1
chr1	50888953	chr1	52173591	1284638	Inversion	INVh2h	2	C516	C516_d1
chr1	50888953	chr1	52173591	1284638	Inversion	INVt2t	5	C516	C516_d1
chr1	50888953	chr1	58375771	7486818	Inversion	INVt2t	1	C516	C516_d1
chr1	50888953	chr1	104937734	54048781	Inversion	INVt2t	1	C516	C516_d1
chr1	52173591	chr1	238039702	185866111	Inversion	INVt2t	1	C516	C516_d1
chr1	66783735	chr1	68998006	2214271	Inversion	INVh2h	1	C516R	C516R_PB_d1
chr1	66783735	chr1	68998006	2214271	Inversion	INVh2h	4	C516	C516_d1
chr1	66783735	chr1	68998006	2214271	Inversion	INVt2t	5	C516	C516_d1
chr1	66783735	chr1	71122428	4338693	Inversion	INVt2t	1	C516	C516_d1
chr1	66783735	chr1	125018615	58234880	Inversion	INVh2h	1	C516	C516_d1
chr1	68998006	chr1	71122428	2124422	Inversion	INVt2t	2	C516	C516_d1
chr1	68998006	chr1	100634828	31636822	Deletion	DEL	1	C516	C516_d1
chr1	68998006	chr1	125018615	56020609	Inversion	INVt2t	1	C516	C516_d1
chr1	71122428	chr1	74449052	3326624	Deletion	DEL	1	C516	C516_d1
chr1	71122428	chr1	83341597	12219169	Inversion	INVh2h	1	C516	C516_d1
chr1	71122428	chr1	83687105	12564677	Deletion	DEL	1	C516	C516_d1
chr1	80396937	chr1	83341597	2944660	Deletion	DEL	1	C516	C516_d1
chr1	80396937	chr1	83687105	3290168	Inversion	INVh2h	1	C516R	C516R_PB_d1
chr1	80396937	chr1	83687105	3290168	Inversion	INVh2h	1	C516	C516_d1
chr1	80396937	chr1	83687105	3290168	Inversion	INVt2t	1	C516	C516_d1
chr1	80396937	chr1	85774459	5377522	Inversion	INVh2h	1	C516R	C516R_PB_d1
chr1	80396937	chr1	85827515	5430578	Inversion	INVh2h	1	C516	C516_d1
chr1	83185612	chr1	83687105	501493	Deletion	DEL	1	C516	C516_d1
chr1	83341597	chr1	83687105	345508	Deletion	DEL	1	C516	C516_d1
chr1	83341597	chr1	85827515	2485918	Deletion	DEL	2	C516	C516_d1
chr1	83341597	chr1	100634828	17293231	Deletion	DEL	1	C516	C516_d1
chr1	83687105	chr1	85827515	2140410	Inversion	INVh2h	2	C516	C516_d1
chr1	85827515	chr1	96054185	10226670	Inversion	INVh2h	1	C516	C516_d1
chr1	85827515	chr1	100634828	14807313	Inversion	INVh2h	1	C516	C516_d1
chr1	85827515	chr1	100634828	14807313	Inversion	INVt2t	1	C516R	C516R_PB_d1
chr1	98214642	chr1	100634828	2420186	Inversion	INVt2t	1	C516	C516_d1
chr1	100634828	chr1	104937734	4302906	Inversion	INVh2h	1	C516	C516_d1
chr1	104937734	chr1	119153867	14216133	Inversion	INVt2t	1	C516R	C516R_PB_d1
chr1	125018615	chr1	152550381	27531766	Deletion	DEL	1	C516	C516_d1
chr1	125018615	chr1	171376992	46358377	Inversion	INVt2t	1	C516	C516_d1
chr1	152550381	chr1	166313472	13763091	Inversion	INVt2t	2	C516	C516_d1
chr1	160477895	chr1	166313489	5835594	Inversion	INVh2h	1	C516	C516_d1
chr1	166313472	chr1	187601107	21287635	Deletion	DEL	1	C516	C516_d1
chr1	171376992	chr1	172233464	856472	Inversion	INVt2t	6	C516	C516_d1
chr1	171376992	chr1	187601107	16224115	Inversion	INVt2t	1	C516	C516_d1
chr1	171376992	chr1	246717760	75340768	Inversion	INVh2h	1	C516	C516_d1
chr1	172233464	chr1	172317813	84349	Inversion	INVh2h	1	C516R	C516R_PB_d1
chr1	172233464	chr1	205403290	33169826	Deletion	DEL	1	C516	C516_d1
chr1	187601107	chr1	188033727	432620	Deletion	DEL	2	C516	C516_d1
chr1	198312027	chr1	199883536	1571509	Inversion	INVt2t	1	C516	C516_d1
chr1	212394011	chr1	212661603	267592	Inversion	INVh2h	1	C516	C516_d1
chr1	212661603	chr1	246717760	34056157	Inversion	INVh2h	1	C516	C516_d1
chr1	246410759	chr1	246717743	306984	Deletion	DEL	1	C516	C516_d1
chr10	11734028	chr10	22126500	10392472	Inversion	INVh2h	1	C516	C516_d1
chr10	22126500	chr10	23847324	1720824	Inversion	INVh2h	1	C516R	C516R_PB_d1
chr10	22126500	chr10	23847324	1720824	Inversion	INVh2h	3	C516	C516_d1
chr10	22126500	chr10	23847324	1720824	Inversion	INVt2t	5	C516	C516_d1
chr10	22126500	chr10	90156040	68029540	Inversion	INVt2t	1	C516	C516_d1
chr10	59424606	chr10	60640195	1215589	Deletion	DEL	1	C516R	C516R_PB_d1
chr10	74220444	chr10	95150932	20930488	Inversion	INVt2t	1	C516	C516_d1
chr10	82346649	chr10	91429467	9082818	Inversion	INVh2h	1	C516	C516_d1
chr10	82346654	chr10	90156056	7809402	Inversion	INVh2h	1	C516	C516_d1
chr10	82346654	chr10	91429484	9082830	Inversion	INVh2h	1	C516	C516_d1
chr10	82346654	chr10	109798118	27451464	Inversion	INVt2t	2	C516R	C516R_PB_d1
chr10	82346654	chr10	115755760	33409106	Inversion	INVt2t	1	C516	C516_d1
chr10	90156039	chr10	95150940	4994901	Deletion	DEL	2	C516	C516_d1
chr10	95150939	chr10	98545228	3394289	Inversion	INVh2h	2	C516	C516_d1
chr10	98545228	chr10	109798118	11252890	Deletion	DEL	1	C516	C516_d1
chr10	109227047	chr10	109798118	571071	Deletion	DEL	1	C516R	C516R_PB_d1
chr10	109798118	chr10	115755758	5957640	Inversion	INVt2t	2	C516	C516_d1
chr11	3495542	chr11	6119975	2624433	Deletion	DEL	1	C516	C516_d1
chr11	5415850	chr11	6119992	704142	Inversion	INVh2h	1	C516	C516_d1
chr11	6119992	chr11	6908142	788150	Inversion	INVh2h	1	C516	C516_d1
chr11	6119992	chr11	8445966	2325974	Deletion	DEL	1	C516	C516_d1
chr11	6119992	chr11	16524052	10404060	Inversion	INVh2h	1	C516	C516_d1
chr11	6119992	chr11	26968554	20848562	Inversion	INVh2h	1	C516	C516_d1
chr11	6119992	chr11	93175036	87055044	Deletion	DEL	1	C516	C516_d1
chr11	6120001	chr11	18899724	12779723	Inversion	INVh2h	1	C516	C516_d1
chr11	6120016	chr11	6908139	788123	Inversion	INVt2t	1	C516	C516_d1
chr11	8445967	chr11	14781239	6335272	Deletion	DEL	1	C516	C516_d1
chr11	26117066	chr11	26968556	851490	Inversion	INVt2t	1	C516	C516_d1
chr11	26968551	chr11	48426857	21458306	Deletion	DEL	1	C516	C516_d1
chr11	32943839	chr11	63346998	30403159	Inversion	INVt2t	1	C516	C516_d1
chr11	34761423	chr11	86827099	52065676	Inversion	INVh2h	1	C516	C516_d1
chr11	34761423	chr11	87620739	52859316	Inversion	INVt2t	1	C516	C516_d1
chr11	48233260	chr11	48655379	422119	Inversion	INVh2h	1	C516	C516_d1
chr11	60154652	chr11	63346998	3192346	Deletion	DEL	1	C516	C516_d1
chr11	60154652	chr11	85429202	25274550	Inversion	INVt2t	1	C516	C516_d1
chr11	60154652	chr11	87620739	27466087	Deletion	DEL	1	C516	C516_d1
chr11	63340739	chr11	86827082	23486343	Inversion	INVh2h	2	C516	C516_d1
chr11	63340739	chr11	117567797	54227058	Deletion	DEL	1	C516R	C516R_PB_d1
chr11	63346998	chr11	67867291	4520293	Inversion	INVt2t	1	C516	C516_d1
chr11	63346998	chr11	87620739	24273741	Inversion	INVt2t	2	C516	C516_d1
chr11	85429202	chr11	86827082	1397880	Deletion	DEL	5	C516	C516_d1
chr11	85429202	chr11	87620739	2191537	Deletion	DEL	1	C516	C516_d1
chr11	85429202	chr11	89315843	3886641	Deletion	DEL	1	C516	C516_d1
chr11	85545577	chr11	87620739	2075162	Inversion	INVt2t	1	C516	C516_d1
chr11	86827082	chr11	87620739	793657	Inversion	INVh2h	1	C516	C516_d1
chr11	86827082	chr11	87620739	793657	Inversion	INVt2t	4	C516	C516_d1
chr11	86827082	chr11	89315843	2488761	Inversion	INVt2t	1	C516	C516_d1
chr11	87620730	chr11	109080678	21459948	Inversion	INVh2h	1	C516	C516_d1
chr11	87620739	chr11	89315843	1695104	Inversion	INVh2h	5	C516	C516_d1
chr12	1943363	chr12	64199026	62255663	Inversion	INVt2t	1	C516	C516_d1
chr12	21085047	chr12	30435093	9350046	Inversion	INVt2t	2	C516R	C516R_PB_d1
chr12	28763532	chr12	30435093	1671561	Deletion	DEL	2	C516	C516_d1
chr12	28763532	chr12	38535717	9772185	Inversion	INVt2t	1	C516	C516_d1
chr12	34074578	chr12	48575891	14501313	Inversion	INVt2t	1	C516	C516_d1
chr12	38384325	chr12	48575891	10191566	Inversion	INVh2h	1	C516	C516_d1
chr12	42898433	chr12	58111871	15213438	Inversion	INVt2t	2	C516	C516_d1
chr12	59466816	chr12	83789927	24323111	Inversion	INVt2t	1	C516	C516_d1
chr12	64199024	chr12	64289939	90915	Deletion	DEL	1	C516	C516_d1
chr12	80125627	chr12	80246752	121125	Inversion	INVt2t	6	C516	C516_d1
chr12	80125627	chr12	81242415	1116788	Deletion	DEL	1	C516R	C516R_PB_d1
chr12	80125643	chr12	80522952	397309	Inversion	INVt2t	1	C516	C516_d1
chr12	80246752	chr12	83789927	3543175	Inversion	INVt2t	1	C516R	C516R_PB_d1
chr12	80246752	chr12	83789927	3543175	Inversion	INVt2t	1	C516	C516_d1
chr12	87633089	chr12	88404143	771054	Inversion	INVh2h	1	C516	C516_d1
chr12	88404143	chr12	106474454	18070311	Deletion	DEL	1	C516	C516_d1
chr12	104391153	chr12	106474471	2083318	Inversion	INVh2h	1	C516	C516_d1
chr13	30262793	chr13	33988105	3725312	Inversion	INVh2h	1	C516	C516_d1
chr13	33988105	chr13	88200608	54212503	Inversion	INVh2h	1	C516	C516_d1
chr13	40738362	chr13	41748187	1009825	Deletion	DEL	1	C516	C516_d1
chr13	40738362	chr13	58184730	17446368	Deletion	DEL	1	C516	C516_d1
chr13	41748187	chr13	41873741	125554	Deletion	DEL	1	C516	C516_d1
chr13	50472233	chr13	50554616	82383	Inversion	INVt2t	3	C516R	C516R_PB_d1
chr13	50472233	chr13	50554616	82383	Inversion	INVt2t	7	C516	C516_d1
chr13	58184730	chr13	59029217	844487	Inversion	INVt2t	2	C516	C516_d1
chr13	58184730	chr13	59984900	1800170	Deletion	DEL	1	C516R	C516R_PB_d1
chr13	58184730	chr13	60829789	2645059	Inversion	INVh2h	1	C516	C516_d1
chr13	58184730	chr13	65220377	7035647	Inversion	INVh2h	1	C516	C516_d1
chr14	27225338	chr14	27820218	594880	Deletion	DEL	1	C516	C516_d1
chr14	27820216	chr14	46512150	18691934	Deletion	DEL	1	C516	C516_d1
chr14	38977778	chr14	44554140	5576362	Inversion	INVh2h	1	C516	C516_d1
chr14	42970116	chr14	44554140	1584024	Inversion	INVt2t	1	C516	C516_d1
chr14	44312474	chr14	44554141	241667	Deletion	DEL	1	C516	C516_d1
chr14	44554140	chr14	51797191	7243051	Inversion	INVh2h	1	C516	C516_d1
chr14	46512147	chr14	66834844	20322697	Deletion	DEL	1	C516	C516_d1
chr14	66584977	chr14	66834844	249867	Inversion	INVh2h	2	C516	C516_d1
chr14	66584977	chr14	66834844	249867	Inversion	INVt2t	5	C516	C516_d1
chr14	66584977	chr14	67871494	1286517	Deletion	DEL	1	C516	C516_d1
chr14	66834844	chr14	87778047	20943203	Inversion	INVt2t	1	C516	C516_d1
chr14	83642744	chr14	87778054	4135310	Deletion	DEL	2	C516R	C516R_PB_d1
chr15	27190315	chr15	47168955	19978640	Deletion	DEL	2	C516	C516_d1
chr15	35337035	chr15	36684668	1347633	Inversion	INVh2h	7	C516	C516_d1
chr15	35337035	chr15	36684668	1347633	Inversion	INVt2t	4	C516	C516_d1
chr15	36684668	chr15	37305881	621213	Inversion	INVh2h	1	C516	C516_d1
chr15	70732568	chr15	72430947	1698379	Deletion	DEL	3	C516	C516_d1
chr15	70732568	chr15	73218530	2485962	Deletion	DEL	1	C516	C516_d1
chr15	70732568	chr15	73534604	2802036	Inversion	INVt2t	3	C516	C516_d1
chr15	76722516	chr15	77322705	600189	Deletion	DEL	2	C516	C516_d1
chr15	76722516	chr15	78611145	1888629	Deletion	DEL	1	C516	C516_d1
chr15	77322703	chr15	78611145	1288442	Inversion	INVh2h	2	C516	C516_d1
chr15	77322703	chr15	78611145	1288442	Inversion	INVt2t	1	C516	C516_d1
chr16	47441253	chr16	47680358	239105	Deletion	DEL	1	C516	C516_d1
chr16	47441253	chr16	47913422	472169	Inversion	INVh2h	1	C516	C516_d1
chr16	47441253	chr16	47913422	472169	Inversion	INVt2t	1	C516	C516_d1
chr16	47913422	chr16	51333365	3419943	Inversion	INVh2h	1	C516	C516_d1
chr17	20600559	chr17	27101745	6501186	Inversion	INVh2h	2	C516	C516_d1
chr17	29898704	chr17	64364400	34465696	Inversion	INVt2t	1	C516	C516_d1
chr18	3696770	chr18	3737195	40425	Deletion	DEL	1	C516	C516_d1
chr18	3737195	chr18	4650014	912819	Deletion	DEL	5	C516	C516_d1
chr18	3737195	chr18	5007564	1270369	Inversion	INVt2t	1	C516	C516_d1
chr18	3737195	chr18	22888933	19151738	Inversion	INVt2t	1	C516	C516_d1
chr18	4474736	chr18	9168308	4693572	Inversion	INVt2t	1	C516	C516_d1
chr18	4650014	chr18	15369556	10719542	Inversion	INVt2t	2	C516	C516_d1
chr18	4650014	chr18	32230509	27580495	Inversion	INVt2t	1	C516	C516_d1
chr18	15189067	chr18	22888933	7699866	Inversion	INVh2h	1	C516	C516_d1
chr18	15369556	chr18	32230509	16860953	Inversion	INVh2h	1	C516	C516_d1
chr18	15369556	chr18	32230509	16860953	Inversion	INVt2t	1	C516	C516_d1
chr18	22720063	chr18	22888916	168853	Inversion	INVt2t	1	C516	C516_d1
chr18	22811218	chr18	22888916	77698	Deletion	DEL	1	C516	C516_d1
chr18	22888933	chr18	35763805	12874872	Inversion	INVt2t	1	C516	C516_d1
chr18	22888933	chr18	35763822	12874889	Inversion	INVh2h	1	C516	C516_d1
chr18	22888933	chr18	35763822	12874889	Inversion	INVt2t	1	C516	C516_d1
chr18	22888933	chr18	45811336	22922403	Inversion	INVh2h	1	C516	C516_d1
chr18	22888933	chr18	68787417	45898484	Deletion	DEL	1	C516	C516_d1
chr18	22888933	chr18	77418569	54529636	Deletion	DEL	1	C516	C516_d1
chr18	45811336	chr18	70717846	24906510	Inversion	INVt2t	1	C516	C516_d1
chr18	45811336	chr18	77418569	31607233	Deletion	DEL	1	C516	C516_d1
chr18	55890000	chr18	59406518	3516518	Inversion	INVh2h	1	C516	C516_d1
chr18	59406532	chr18	63691632	4285100	Deletion	DEL	2	C516	C516_d1
chr18	59406532	chr18	77418569	18012037	Inversion	INVh2h	1	C516	C516_d1
chr18	63691632	chr18	68787417	5095785	Deletion	DEL	1	C516	C516_d1
chr2	16596319	chr2	18014602	1418283	Inversion	INVt2t	1	C516	C516_d1
chr2	18014602	chr2	21211164	3196562	Inversion	INVh2h	1	C516	C516_d1
chr2	18014602	chr2	21211164	3196562	Inversion	INVt2t	2	C516	C516_d1
chr2	18014602	chr2	21211165	3196563	Inversion	INVt2t	1	C516R	C516R_PB_d1
chr2	18014602	chr2	65965655	47951053	Inversion	INVt2t	1	C516	C516_d1
chr2	18014602	chr2	210448944	192434342	Deletion	DEL	1	C516	C516_d1
chr2	18014603	chr2	21211182	3196579	Inversion	INVh2h	1	C516	C516_d1
chr2	20872435	chr2	65965672	45093237	Inversion	INVh2h	1	C516	C516_d1
chr2	41274108	chr2	49084928	7810820	Deletion	DEL	1	C516	C516_d1
chr2	49084919	chr2	76907917	27822998	Inversion	INVt2t	2	C516	C516_d1
chr2	62618993	chr2	63704887	1085894	Inversion	INVh2h	1	C516	C516_d1
chr2	62618996	chr2	65965655	3346659	Inversion	INVh2h	1	C516	C516_d1
chr2	62618996	chr2	65965655	3346659	Inversion	INVt2t	2	C516	C516_d1
chr2	62618996	chr2	76347758	13728762	Inversion	INVt2t	1	C516	C516_d1
chr2	62618996	chr2	120082694	57463698	Inversion	INVh2h	1	C516	C516_d1
chr2	62618996	chr2	228231617	165612621	Inversion	INVt2t	1	C516	C516_d1
chr2	65965655	chr2	66394542	428887	Deletion	DEL	1	C516	C516_d1
chr2	72704902	chr2	240547937	167843035	Inversion	INVh2h	1	C516	C516_d1
chr2	75329735	chr2	77757173	2427438	Inversion	INVt2t	1	C516	C516_d1
chr2	76093237	chr2	77757173	1663936	Deletion	DEL	1	C516	C516_d1
chr2	76907917	chr2	77757173	849256	Inversion	INVt2t	1	C516	C516_d1
chr2	76907917	chr2	77757190	849273	Inversion	INVh2h	5	C516	C516_d1
chr2	76907917	chr2	132234760	55326843	Inversion	INVh2h	1	C516	C516_d1
chr2	77757190	chr2	132234743	54477553	Inversion	INVt2t	1	C516	C516_d1
chr2	118139583	chr2	120082694	1943111	Inversion	INVt2t	1	C516	C516_d1
chr2	120082694	chr2	201592570	81509876	Inversion	INVt2t	1	C516	C516_d1
chr2	132234745	chr2	147770057	15535312	Inversion	INVh2h	1	C516R	C516R_PB_d1
chr2	132234760	chr2	137283988	5049228	Deletion	DEL	1	C516	C516_d1
chr2	132234760	chr2	158354652	26119892	Inversion	INVt2t	1	C516R	C516R_PB_d1
chr2	132234760	chr2	178969169	46734409	Inversion	INVh2h	2	C516	C516_d1
chr2	135415531	chr2	210448912	75033381	Inversion	INVt2t	1	C516	C516_d1
chr2	138290509	chr2	139308640	1018131	Inversion	INVh2h	1	C516	C516_d1
chr2	139308640	chr2	143664991	4356351	Inversion	INVt2t	1	C516	C516_d1
chr2	139308640	chr2	147770040	8461400	Inversion	INVt2t	1	C516	C516_d1
chr2	139308640	chr2	147770057	8461417	Inversion	INVh2h	2	C516	C516_d1
chr2	139308640	chr2	171643865	32335225	Deletion	DEL	1	C516	C516_d1
chr2	139308640	chr2	172318706	33010066	Inversion	INVt2t	1	C516	C516_d1
chr2	139308640	chr2	182215840	42907200	Inversion	INVt2t	1	C516	C516_d1
chr2	139308640	chr2	195933008	56624368	Deletion	DEL	1	C516	C516_d1
chr2	143664991	chr2	147770040	4105049	Inversion	INVt2t	2	C516	C516_d1
chr2	143664991	chr2	147770057	4105066	Inversion	INVh2h	1	C516	C516_d1
chr2	143664991	chr2	174271872	30606881	Inversion	INVh2h	1	C516	C516_d1
chr2	143664991	chr2	228231617	84566626	Deletion	DEL	1	C516	C516_d1
chr2	143664992	chr2	158354635	14689643	Inversion	INVt2t	1	C516	C516_d1
chr2	147770050	chr2	158354652	10584602	Inversion	INVh2h	1	C516	C516_d1
chr2	149405322	chr2	171643882	22238560	Inversion	INVh2h	1	C516	C516_d1
chr2	158354652	chr2	160853311	2498659	Deletion	DEL	1	C516	C516_d1
chr2	158354652	chr2	174407048	16052396	Deletion	DEL	1	C516	C516_d1
chr2	158354655	chr2	178969176	20614521	Inversion	INVh2h	1	C516	C516_d1
chr2	160800896	chr2	160853311	52415	Deletion	DEL	1	C516	C516_d1
chr2	160853311	chr2	169310807	8457496	Inversion	INVh2h	2	C516	C516_d1
chr2	169310787	chr2	172318706	3007919	Deletion	DEL	1	C516	C516_d1
chr2	169310790	chr2	171643882	2333092	Inversion	INVh2h	3	C516	C516_d1
chr2	169310790	chr2	172318689	3007899	Deletion	DEL	1	C516	C516_d1
chr2	169310790	chr2	173529881	4219091	Inversion	INVt2t	3	C516	C516_d1
chr2	169310790	chr2	174407048	5096258	Inversion	INVt2t	4	C516	C516_d1
chr2	169310790	chr2	189027464	19716674	Deletion	DEL	1	C516	C516_d1
chr2	171643865	chr2	173529881	1886016	Inversion	INVh2h	1	C516	C516_d1
chr2	171643865	chr2	174407048	2763183	Inversion	INVt2t	1	C516	C516_d1
chr2	172318706	chr2	173529881	1211175	Deletion	DEL	1	C516R	C516R_PB_d1
chr2	172318706	chr2	174271872	1953166	Inversion	INVh2h	1	C516	C516_d1
chr2	172318706	chr2	174271872	1953166	Inversion	INVt2t	2	C516	C516_d1
chr2	172318706	chr2	174407048	2088342	Deletion	DEL	2	C516	C516_d1
chr2	173529881	chr2	174407048	877167	Inversion	INVh2h	1	C516R	C516R_PB_d1
chr2	173529881	chr2	174407048	877167	Inversion	INVh2h	1	C516	C516_d1
chr2	173529881	chr2	174407048	877167	Inversion	INVt2t	1	C516	C516_d1
chr2	173529881	chr2	178969178	5439297	Deletion	DEL	2	C516	C516_d1
chr2	173529881	chr2	178969192	5439311	Deletion	DEL	1	C516	C516_d1
chr2	174271872	chr2	178969173	4697301	Inversion	INVh2h	1	C516	C516_d1
chr2	174407048	chr2	182215840	7808792	Deletion	DEL	1	C516	C516_d1
chr2	174407048	chr2	185844321	11437273	Inversion	INVt2t	1	C516	C516_d1
chr2	174407048	chr2	229967983	55560935	Inversion	INVh2h	1	C516	C516_d1
chr2	178969176	chr2	182215840	3246664	Inversion	INVh2h	4	C516	C516_d1
chr2	178969176	chr2	185844321	6875145	Deletion	DEL	1	C516	C516_d1
chr2	178969178	chr2	182215840	3246662	Inversion	INVt2t	1	C516	C516_d1
chr2	182215840	chr2	185844321	3628481	Deletion	DEL	1	C516	C516_d1
chr2	182215840	chr2	210448928	28233088	Inversion	INVt2t	2	C516	C516_d1
chr2	182215840	chr2	210448929	28233089	Inversion	INVt2t	2	C516	C516_d1
chr2	194956628	chr2	195932978	976350	Inversion	INVh2h	1	C516	C516_d1
chr2	206929950	chr2	210448929	3518979	Inversion	INVt2t	1	C516	C516_d1
chr2	210448928	chr2	228231617	17782689	Deletion	DEL	2	C516	C516_d1
chr2	210448929	chr2	228231617	17782688	Deletion	DEL	2	C516	C516_d1
chr20	1220297	chr20	24904032	23683735	Inversion	INVh2h	1	C516	C516_d1
chr20	24904025	chr20	48589009	23684984	Inversion	INVh2h	2	C516	C516_d1
chr20	24904032	chr20	25263855	359823	Inversion	INVh2h	1	C516	C516_d1
chr21	14936434	chr21	17750681	2814247	Inversion	INVh2h	1	C516	C516_d1
chr21	15917170	chr21	17750664	1833494	Inversion	INVt2t	1	C516	C516_d1
chr3	1390978	chr3	8925485	7534507	Inversion	INVh2h	1	C516	C516_d1
chr3	1390978	chr3	65697301	64306323	Inversion	INVt2t	1	C516R	C516R_PB_d1
chr3	4919975	chr3	6487499	1567524	Deletion	DEL	1	C516R	C516R_PB_d1
chr3	4919975	chr3	6487499	1567524	Deletion	DEL	5	C516	C516_d1
chr3	4919975	chr3	8925485	4005510	Inversion	INVh2h	2	C516	C516_d1
chr3	4919975	chr3	8925485	4005510	Inversion	INVt2t	2	C516R	C516R_PB_d1
chr3	4919975	chr3	8925485	4005510	Inversion	INVt2t	2	C516	C516_d1
chr3	4919975	chr3	23352808	18432833	Inversion	INVh2h	2	C516	C516_d1
chr3	4919975	chr3	65697298	60777323	Inversion	INVh2h	1	C516	C516_d1
chr3	6487499	chr3	6766725	279226	Inversion	INVt2t	1	C516	C516_d1
chr3	6487499	chr3	40904997	34417498	Inversion	INVt2t	1	C516	C516_d1
chr3	8925485	chr3	23352808	14427323	Inversion	INVt2t	1	C516	C516_d1
chr3	15697818	chr3	23352808	7654990	Deletion	DEL	2	C516	C516_d1
chr3	23352808	chr3	35902957	12550149	Deletion	DEL	2	C516	C516_d1
chr3	23352808	chr3	86096500	62743692	Inversion	INVt2t	1	C516	C516_d1
chr3	23352808	chr3	132809681	109456873	Deletion	DEL	2	C516	C516_d1
chr3	29997342	chr3	35902957	5905615	Deletion	DEL	1	C516	C516_d1
chr3	29997342	chr3	158197090	128199748	Deletion	DEL	1	C516	C516_d1
chr3	35902957	chr3	70848819	34945862	Inversion	INVh2h	1	C516	C516_d1
chr3	39997608	chr3	40904997	907389	Deletion	DEL	1	C516	C516_d1
chr3	40904994	chr3	41644780	739786	Inversion	INVh2h	1	C516R	C516R_PB_d1
chr3	40904997	chr3	41493986	588989	Deletion	DEL	1	C516	C516_d1
chr3	40904997	chr3	84812352	43907355	Inversion	INVh2h	1	C516	C516_d1
chr3	40904997	chr3	109458526	68553529	Inversion	INVh2h	1	C516	C516_d1
chr3	55835176	chr3	168767041	112931865	Deletion	DEL	1	C516	C516_d1
chr3	65697298	chr3	86300575	20603277	Inversion	INVt2t	1	C516	C516_d1
chr3	65697298	chr3	109510791	43813493	Deletion	DEL	1	C516	C516_d1
chr3	65697298	chr3	110120244	44422946	Deletion	DEL	2	C516	C516_d1
chr3	70848819	chr3	109762718	38913899	Deletion	DEL	1	C516	C516_d1
chr3	70848821	chr3	84812352	13963531	Inversion	INVt2t	2	C516	C516_d1
chr3	70848821	chr3	109510791	38661970	Inversion	INVt2t	2	C516	C516_d1
chr3	84812352	chr3	146735342	61922990	Inversion	INVh2h	1	C516	C516_d1
chr3	93749870	chr3	93803976	54106	Deletion	DEL	2	C516	C516_d1
chr3	109510791	chr3	110120244	609453	Inversion	INVt2t	2	C516	C516_d1
chr3	109510791	chr3	158197090	48686299	Inversion	INVt2t	1	C516	C516_d1
chr3	109762711	chr3	110120244	357533	Deletion	DEL	1	C516	C516_d1
chr3	109762718	chr3	116746415	6983697	Inversion	INVh2h	1	C516	C516_d1
chr3	109762718	chr3	167132904	57370186	Inversion	INVh2h	1	C516R	C516R_PB_d1
chr3	131628486	chr3	132809681	1181195	Inversion	INVt2t	1	C516	C516_d1
chr3	132809681	chr3	133146553	336872	Inversion	INVt2t	1	C516	C516_d1
chr3	143394025	chr3	192962222	49568197	Deletion	DEL	1	C516	C516_d1
chr3	146735342	chr3	166008639	19273297	Inversion	INVh2h	1	C516R	C516R_PB_d1
chr3	146735342	chr3	166629319	19893977	Inversion	INVt2t	1	C516	C516_d1
chr3	153931017	chr3	155508960	1577943	Inversion	INVh2h	1	C516	C516_d1
chr3	158197090	chr3	166629319	8432229	Inversion	INVt2t	1	C516	C516_d1
chr3	158197090	chr3	167132904	8935814	Deletion	DEL	1	C516	C516_d1
chr3	163432648	chr3	166629319	3196671	Deletion	DEL	2	C516	C516_d1
chr3	163432648	chr3	167132904	3700256	Inversion	INVh2h	1	C516R	C516R_PB_d1
chr3	163432648	chr3	167132904	3700256	Inversion	INVt2t	2	C516	C516_d1
chr3	165880025	chr3	167278657	1398632	Deletion	DEL	1	C516	C516_d1
chr3	166629319	chr3	167132904	503585	Deletion	DEL	1	C516R	C516R_PB_d1
chr3	166629319	chr3	168767041	2137722	Inversion	INVt2t	2	C516	C516_d1
chr3	167132904	chr3	167278674	145770	Inversion	INVt2t	1	C516	C516_d1
chr3	167132904	chr3	168767041	1634137	Deletion	DEL	4	C516	C516_d1
chr3	168767032	chr3	175784292	7017260	Inversion	INVh2h	2	C516	C516_d1
chr3	168767041	chr3	170935515	2168474	Inversion	INVh2h	1	C516	C516_d1
chr4	11063505	chr4	21162829	10099324	Deletion	DEL	1	C516R	C516R_PB_d1
chr4	20671258	chr4	23618219	2946961	Deletion	DEL	1	C516	C516_d1
chr4	21162829	chr4	21267938	105109	Deletion	DEL	6	C516	C516_d1
chr4	21162829	chr4	48417424	27254595	Inversion	INVt2t	1	C516	C516_d1
chr4	21267938	chr4	26591912	5323974	Deletion	DEL	1	C516	C516_d1
chr4	23618212	chr4	26591912	2973700	Inversion	INVt2t	1	C516R	C516R_PB_d1
chr4	23618215	chr4	91523463	67905248	Deletion	DEL	1	C516	C516_d1
chr4	26591912	chr4	29565291	2973379	Inversion	INVt2t	1	C516	C516_d1
chr4	26591912	chr4	29565308	2973396	Inversion	INVh2h	1	C516	C516_d1
chr4	26591912	chr4	55622591	29030679	Inversion	INVh2h	1	C516	C516_d1
chr4	26591912	chr4	60271617	33679705	Deletion	DEL	1	C516	C516_d1
chr4	37313217	chr4	53251290	15938073	Deletion	DEL	1	C516R	C516R_PB_d1
chr4	37313217	chr4	55622591	18309374	Deletion	DEL	1	C516	C516_d1
chr4	37313217	chr4	90492106	53178889	Inversion	INVt2t	1	C516	C516_d1
chr4	40766662	chr4	47352340	6585678	Deletion	DEL	1	C516	C516_d1
chr4	40766668	chr4	42698876	1932208	Inversion	INVh2h	1	C516	C516_d1
chr4	40766671	chr4	42698876	1932205	Inversion	INVt2t	1	C516	C516_d1
chr4	40766671	chr4	46753023	5986352	Inversion	INVh2h	1	C516	C516_d1
chr4	43287246	chr4	44596643	1309397	Inversion	INVh2h	5	C516	C516_d1
chr4	43287246	chr4	46753006	3465760	Deletion	DEL	3	C516	C516_d1
chr4	43287246	chr4	48417424	5130178	Inversion	INVh2h	1	C516	C516_d1
chr4	44596643	chr4	47352340	2755697	Inversion	INVh2h	1	C516	C516_d1
chr4	44596643	chr4	47352340	2755697	Inversion	INVt2t	1	C516R	C516R_PB_d1
chr4	44596643	chr4	56333835	11737192	Deletion	DEL	1	C516	C516_d1
chr4	44596643	chr4	66548669	21952026	Inversion	INVh2h	1	C516	C516_d1
chr4	44604110	chr4	47352340	2748230	Inversion	INVt2t	1	C516	C516_d1
chr4	46753006	chr4	144247066	97494060	Inversion	INVt2t	1	C516R	C516R_PB_d1
chr4	47352340	chr4	48417424	1065084	Inversion	INVh2h	1	C516	C516_d1
chr4	47352340	chr4	48417424	1065084	Inversion	INVt2t	5	C516	C516_d1
chr4	47352340	chr4	56333835	8981495	Deletion	DEL	1	C516	C516_d1
chr4	47352340	chr4	105981649	58629309	Deletion	DEL	1	C516	C516_d1
chr4	48417424	chr4	111381464	62964040	Inversion	INVt2t	1	C516	C516_d1
chr4	53971090	chr4	56333835	2362745	Deletion	DEL	1	C516	C516_d1
chr4	55622591	chr4	56333835	711244	Deletion	DEL	5	C516	C516_d1
chr4	56333835	chr4	67297431	10963596	Inversion	INVh2h	1	C516	C516_d1
chr4	56333835	chr4	78273903	21940068	Inversion	INVh2h	2	C516	C516_d1
chr4	56333835	chr4	122113531	65779696	Deletion	DEL	1	C516	C516_d1
chr4	64666157	chr4	67297431	2631274	Deletion	DEL	1	C516	C516_d1
chr4	66548669	chr4	67297431	748762	Deletion	DEL	1	C516R	C516R_PB_d1
chr4	66548669	chr4	67297431	748762	Deletion	DEL	8	C516	C516_d1
chr4	66548669	chr4	91523470	24974801	Deletion	DEL	1	C516	C516_d1
chr4	67297428	chr4	79707989	12410561	Deletion	DEL	1	C516	C516_d1
chr4	78273903	chr4	84983283	6709380	Inversion	INVh2h	3	C516	C516_d1
chr4	78273903	chr4	106900927	28627024	Deletion	DEL	2	C516	C516_d1
chr4	78273903	chr4	133736523	55462620	Inversion	INVh2h	1	C516	C516_d1
chr4	84983266	chr4	90492106	5508840	Inversion	INVh2h	1	C516	C516_d1
chr4	90411198	chr4	90492106	80908	Deletion	DEL	1	C516	C516_d1
chr4	90411198	chr4	91523463	1112265	Deletion	DEL	7	C516	C516_d1
chr4	90411198	chr4	105981649	15570451	Deletion	DEL	1	C516	C516_d1
chr4	90492106	chr4	91523463	1031357	Inversion	INVt2t	7	C516	C516_d1
chr4	90492106	chr4	105981649	15489543	Inversion	INVh2h	1	C516R	C516R_PB_d1
chr4	90492108	chr4	91523461	1031353	Inversion	INVh2h	1	C516	C516_d1
chr4	90492123	chr4	105981649	15489526	Inversion	INVh2h	2	C516	C516_d1
chr4	91523461	chr4	105981649	14458188	Inversion	INVh2h	1	C516	C516_d1
chr4	94838348	chr4	95173826	335478	Inversion	INVh2h	1	C516	C516_d1
chr4	96411783	chr4	106900910	10489127	Deletion	DEL	1	C516	C516_d1
chr4	105732268	chr4	105981645	249377	Inversion	INVh2h	1	C516	C516_d1
chr4	105981649	chr4	106712967	731318	Inversion	INVh2h	1	C516	C516_d1
chr4	105981649	chr4	107675610	1693961	Deletion	DEL	1	C516	C516_d1
chr4	105981649	chr4	122942222	16960573	Inversion	INVt2t	1	C516	C516_d1
chr4	105981650	chr4	106900910	919260	Deletion	DEL	1	C516	C516_d1
chr4	106900927	chr4	107675608	774681	Inversion	INVh2h	3	C516	C516_d1
chr4	106900927	chr4	107675608	774681	Inversion	INVt2t	2	C516	C516_d1
chr4	106900927	chr4	188560854	81659927	Deletion	DEL	1	C516R	C516R_PB_d1
chr4	122496475	chr4	143675948	21179473	Inversion	INVt2t	1	C516R	C516R_PB_d1
chr4	126673160	chr4	133736523	7063363	Deletion	DEL	1	C516	C516_d1
chr4	133736523	chr4	135080491	1343968	Inversion	INVt2t	2	C516	C516_d1
chr4	133736523	chr4	137915588	4179065	Inversion	INVh2h	1	C516	C516_d1
chr4	133736523	chr4	137915588	4179065	Inversion	INVt2t	2	C516	C516_d1
chr4	135080491	chr4	137915588	2835097	Inversion	INVh2h	1	C516	C516_d1
chr4	135080491	chr4	137915588	2835097	Inversion	INVt2t	1	C516	C516_d1
chr4	137915588	chr4	143675965	5760377	Deletion	DEL	1	C516	C516_d1
chr4	137915588	chr4	170412204	32496616	Inversion	INVh2h	1	C516	C516_d1
chr4	141364990	chr4	143675948	2310958	Deletion	DEL	1	C516	C516_d1
chr4	142994455	chr4	143675965	681510	Inversion	INVh2h	5	C516	C516_d1
chr4	142994455	chr4	143675965	681510	Inversion	INVt2t	1	C516R	C516R_PB_d1
chr4	142994455	chr4	144247066	1252611	Deletion	DEL	5	C516	C516_d1
chr4	143103699	chr4	143675948	572249	Inversion	INVt2t	1	C516	C516_d1
chr4	143675965	chr4	144772115	1096150	Inversion	INVh2h	2	C516	C516_d1
chr4	143675965	chr4	149851645	6175680	Inversion	INVh2h	2	C516	C516_d1
chr4	143675965	chr4	164354187	20678222	Inversion	INVt2t	1	C516	C516_d1
chr4	143675968	chr4	144247066	571098	Deletion	DEL	1	C516	C516_d1
chr4	156287177	chr4	156370689	83512	Deletion	DEL	1	C516R	C516R_PB_d1
chr4	164245032	chr4	164354187	109155	Inversion	INVt2t	1	C516R	C516R_PB_d1
chr4	164245032	chr4	164354187	109155	Inversion	INVt2t	1	C516	C516_d1
chr4	164245032	chr4	164556094	311062	Deletion	DEL	1	C516	C516_d1
chr4	164245032	chr4	170434860	6189828	Inversion	INVt2t	1	C516	C516_d1
chr4	167861331	chr4	170434843	2573512	Inversion	INVt2t	1	C516	C516_d1
chr4	169497010	chr4	170412204	915194	Inversion	INVh2h	1	C516	C516_d1
chr4	170265870	chr4	170434860	168990	Deletion	DEL	1	C516R	C516R_PB_d1
chr4	170265870	chr4	173789465	3523595	Deletion	DEL	1	C516	C516_d1
chr4	180858436	chr4	182781660	1923224	Inversion	INVh2h	1	C516	C516_d1
chr5	16338849	chr5	37458415	21119566	Deletion	DEL	1	C516	C516_d1
chr5	16653984	chr5	37458415	20804431	Inversion	INVt2t	1	C516	C516_d1
chr5	25939216	chr5	26479476	540260	Inversion	INVh2h	1	C516	C516_d1
chr5	26479476	chr5	32922330	6442854	Inversion	INVh2h	1	C516	C516_d1
chr5	26479476	chr5	41490524	15011048	Deletion	DEL	1	C516	C516_d1
chr5	32922330	chr5	41490524	8568194	Deletion	DEL	1	C516	C516_d1
chr5	33098499	chr5	37458415	4359916	Inversion	INVt2t	1	C516	C516_d1
chr5	35020147	chr5	97681857	62661710	Deletion	DEL	1	C516	C516_d1
chr5	35350583	chr5	41490524	6139941	Inversion	INVh2h	1	C516	C516_d1
chr5	36919112	chr5	37458415	539303	Inversion	INVh2h	2	C516	C516_d1
chr5	36919114	chr5	37458415	539301	Inversion	INVt2t	1	C516	C516_d1
chr5	36919114	chr5	41490523	4571409	Inversion	INVh2h	1	C516	C516_d1
chr5	36919114	chr5	50598699	13679585	Inversion	INVt2t	1	C516	C516_d1
chr5	36919114	chr5	78121752	41202638	Deletion	DEL	1	C516	C516_d1
chr5	37458415	chr5	41490541	4032126	Inversion	INVh2h	2	C516	C516_d1
chr5	44671933	chr5	62801559	18129626	Deletion	DEL	1	C516	C516_d1
chr5	44671940	chr5	60559044	15887104	Inversion	INVt2t	1	C516	C516_d1
chr5	51352232	chr5	78121769	26769537	Inversion	INVh2h	1	C516	C516_d1
chr5	60559044	chr5	60878460	319416	Deletion	DEL	1	C516	C516_d1
chr5	60559044	chr5	62801559	2242515	Deletion	DEL	1	C516	C516_d1
chr5	60559044	chr5	89737297	29178253	Deletion	DEL	1	C516	C516_d1
chr5	60559044	chr5	112542537	51983493	Inversion	INVh2h	1	C516	C516_d1
chr5	60559044	chr5	121067649	60508605	Inversion	INVt2t	1	C516	C516_d1
chr5	62801559	chr5	64352007	1550448	Inversion	INVh2h	1	C516R	C516R_PB_d1
chr5	62820724	chr5	62866711	45987	Inversion	INVt2t	1	C516R	C516R_PB_d1
chr5	72580869	chr5	79098480	6517611	Deletion	DEL	1	C516	C516_d1
chr5	72580869	chr5	132106916	59526047	Inversion	INVt2t	1	C516	C516_d1
chr5	72580870	chr5	137972036	65391166	Inversion	INVh2h	1	C516	C516_d1
chr5	78121769	chr5	176285061	98163292	Inversion	INVt2t	1	C516	C516_d1
chr5	82453830	chr5	99560333	17106503	Inversion	INVt2t	1	C516	C516_d1
chr5	88796226	chr5	89737297	941071	Inversion	INVh2h	4	C516	C516_d1
chr5	88796226	chr5	90819004	2022778	Inversion	INVh2h	3	C516	C516_d1
chr5	88796226	chr5	92196057	3399831	Inversion	INVh2h	1	C516	C516_d1
chr5	88796226	chr5	92196058	3399832	Inversion	INVh2h	3	C516	C516_d1
chr5	88796228	chr5	90926221	2129993	Inversion	INVt2t	1	C516	C516_d1
chr5	89737297	chr5	90819004	1081707	Inversion	INVh2h	2	C516	C516_d1
chr5	89737297	chr5	90819004	1081707	Inversion	INVt2t	1	C516	C516_d1
chr5	89737297	chr5	90926221	1188924	Inversion	INVt2t	5	C516	C516_d1
chr5	89737297	chr5	92196058	2458761	Inversion	INVt2t	2	C516	C516_d1
chr5	89737297	chr5	99560350	9823053	Inversion	INVh2h	1	C516	C516_d1
chr5	89737297	chr5	137972036	48234739	Deletion	DEL	1	C516	C516_d1
chr5	90819004	chr5	90926221	107217	Inversion	INVh2h	8	C516	C516_d1
chr5	90819004	chr5	90926221	107217	Inversion	INVt2t	1	C516	C516_d1
chr5	90819004	chr5	92196058	1377054	Inversion	INVh2h	4	C516	C516_d1
chr5	90819004	chr5	92196058	1377054	Inversion	INVt2t	1	C516	C516_d1
chr5	90819004	chr5	99560350	8741346	Inversion	INVh2h	1	C516	C516_d1
chr5	90819004	chr5	132106916	41287912	Deletion	DEL	1	C516	C516_d1
chr5	90926221	chr5	92196058	1269837	Inversion	INVh2h	4	C516	C516_d1
chr5	90926221	chr5	92196058	1269837	Inversion	INVt2t	3	C516	C516_d1
chr5	90926221	chr5	99560350	8634129	Inversion	INVh2h	2	C516	C516_d1
chr5	90926221	chr5	137972036	47045815	Deletion	DEL	1	C516	C516_d1
chr5	92196058	chr5	99560333	7364275	Inversion	INVt2t	1	C516	C516_d1
chr5	99560332	chr5	104359902	4799570	Deletion	DEL	1	C516	C516_d1
chr5	99560333	chr5	99710992	150659	Inversion	INVt2t	1	C516	C516_d1
chr5	99560333	chr5	120488234	20927901	Inversion	INVh2h	2	C516	C516_d1
chr5	102674662	chr5	104359919	1685257	Inversion	INVh2h	1	C516	C516_d1
chr5	104359919	chr5	104522008	162089	Inversion	INVt2t	1	C516	C516_d1
chr5	113819398	chr5	115059773	1240375	Inversion	INVh2h	1	C516	C516_d1
chr5	113931829	chr5	114917255	985426	Inversion	INVt2t	1	C516	C516_d1
chr5	120667048	chr5	121067632	400584	Deletion	DEL	1	C516	C516_d1
chr5	133183310	chr5	158441384	25258074	Inversion	INVt2t	1	C516	C516_d1
chr5	137540864	chr5	137972036	431172	Inversion	INVt2t	1	C516	C516_d1
chr5	137972036	chr5	138681267	709231	Deletion	DEL	1	C516	C516_d1
chr5	137972036	chr5	176285061	38313025	Inversion	INVh2h	1	C516	C516_d1
chr5	176055305	chr5	176285061	229756	Inversion	INVh2h	3	C516	C516_d1
chr6	22462334	chr6	80494861	58032527	Inversion	INVt2t	1	C516	C516_d1
chr6	22462334	chr6	115124814	92662480	Deletion	DEL	1	C516	C516_d1
chr6	38301449	chr6	49390315	11088866	Deletion	DEL	1	C516	C516_d1
chr6	38301449	chr6	72573575	34272126	Deletion	DEL	2	C516	C516_d1
chr6	45179302	chr6	115124797	69945495	Inversion	INVt2t	1	C516	C516_d1
chr6	64094344	chr6	72573575	8479231	Deletion	DEL	1	C516	C516_d1
chr6	70064054	chr6	70785876	721822	Inversion	INVh2h	1	C516	C516_d1
chr6	70785875	chr6	72573575	1787700	Inversion	INVh2h	2	C516	C516_d1
chr6	70785875	chr6	72573575	1787700	Inversion	INVt2t	3	C516	C516_d1
chr6	70785875	chr6	93035581	22249706	Inversion	INVh2h	1	C516	C516_d1
chr6	70785875	chr6	141973095	71187220	Inversion	INVh2h	1	C516	C516_d1
chr6	70785876	chr6	72573575	1787699	Inversion	INVh2h	2	C516	C516_d1
chr6	70785876	chr6	72573575	1787699	Inversion	INVt2t	3	C516	C516_d1
chr6	70785876	chr6	93035581	22249705	Inversion	INVh2h	1	C516	C516_d1
chr6	70785876	chr6	93634177	22848301	Deletion	DEL	1	C516	C516_d1
chr6	70785876	chr6	141973095	71187219	Inversion	INVh2h	1	C516	C516_d1
chr6	72800218	chr6	86924715	14124497	Deletion	DEL	1	C516	C516_d1
chr6	74029407	chr6	98010742	23981335	Inversion	INVh2h	1	C516	C516_d1
chr6	80494861	chr6	86924732	6429871	Deletion	DEL	1	C516	C516_d1
chr6	80494861	chr6	88409946	7915085	Deletion	DEL	1	C516	C516_d1
chr6	80494861	chr6	93634194	13139333	Inversion	INVh2h	1	C516	C516_d1
chr6	82499030	chr6	133023308	50524278	Inversion	INVt2t	1	C516	C516_d1
chr6	83800334	chr6	93634194	9833860	Inversion	INVh2h	1	C516	C516_d1
chr6	85310612	chr6	86924732	1614120	Inversion	INVh2h	2	C516	C516_d1
chr6	86924732	chr6	88409946	1485214	Inversion	INVt2t	1	C516R	C516R_PB_d1
chr6	86924732	chr6	88409946	1485214	Inversion	INVt2t	4	C516	C516_d1
chr6	86924732	chr6	94870872	7946140	Deletion	DEL	1	C516	C516_d1
chr6	86924732	chr6	99042600	12117868	Deletion	DEL	1	C516	C516_d1
chr6	87325862	chr6	88523796	1197934	Inversion	INVt2t	1	C516	C516_d1
chr6	88257174	chr6	141973095	53715921	Inversion	INVh2h	1	C516	C516_d1
chr6	88409946	chr6	88644426	234480	Inversion	INVh2h	1	C516	C516_d1
chr6	88409946	chr6	93035581	4625635	Inversion	INVt2t	1	C516	C516_d1
chr6	93035581	chr6	93634177	598596	Deletion	DEL	2	C516R	C516R_PB_d1
chr6	93035581	chr6	93634177	598596	Deletion	DEL	7	C516	C516_d1
chr6	93634177	chr6	98010725	4376548	Inversion	INVt2t	1	C516	C516_d1
chr6	93634177	chr6	99042617	5408440	Inversion	INVh2h	1	C516	C516_d1
chr6	98010725	chr6	98419920	409195	Deletion	DEL	1	C516R	C516R_PB_d1
chr6	98010725	chr6	100199900	2189175	Deletion	DEL	1	C516	C516_d1
chr6	104062013	chr6	104454875	392862	Deletion	DEL	1	C516	C516_d1
chr6	104492832	chr6	105719674	1226842	Inversion	INVt2t	1	C516	C516_d1
chr6	115124814	chr6	116346193	1221379	Inversion	INVh2h	2	C516	C516_d1
chr6	133023308	chr6	133471681	448373	Inversion	INVh2h	5	C516	C516_d1
chr6	133023308	chr6	133471681	448373	Inversion	INVt2t	3	C516	C516_d1
chr6	141973095	chr6	143304815	1331720	Deletion	DEL	1	C516	C516_d1
chr7	8300702	chr7	18137894	9837192	Inversion	INVh2h	2	C516	C516_d1
chr7	8300702	chr7	34202826	25902124	Inversion	INVt2t	1	C516	C516_d1
chr7	18137894	chr7	22927742	4789848	Deletion	DEL	1	C516	C516_d1
chr7	18137894	chr7	30639400	12501506	Inversion	INVh2h	1	C516R	C516R_PB_d1
chr7	18137894	chr7	34202826	16064932	Inversion	INVh2h	1	C516	C516_d1
chr7	18137894	chr7	54308617	36170723	Inversion	INVh2h	1	C516R	C516R_PB_d1
chr7	18137894	chr7	86552503	68414609	Deletion	DEL	1	C516	C516_d1
chr7	18137894	chr7	147845184	129707290	Inversion	INVt2t	1	C516	C516_d1
chr7	23622154	chr7	51893344	28271190	Deletion	DEL	1	C516	C516_d1
chr7	30639400	chr7	34202826	3563426	Inversion	INVh2h	1	C516	C516_d1
chr7	34202826	chr7	36555574	2352748	Inversion	INVt2t	1	C516	C516_d1
chr7	86343646	chr7	86552503	208857	Inversion	INVh2h	1	C516	C516_d1
chr7	86552503	chr7	91217683	4665180	Inversion	INVt2t	1	C516	C516_d1
chr7	87043185	chr7	91217666	4174481	Inversion	INVt2t	1	C516	C516_d1
chr7	91217683	chr7	102784258	11566575	Inversion	INVh2h	1	C516	C516_d1
chr7	109013142	chr7	110032722	1019580	Deletion	DEL	1	C516	C516_d1
chr7	109652004	chr7	110032739	380735	Inversion	INVh2h	1	C516	C516_d1
chr7	110032722	chr7	114058493	4025771	Deletion	DEL	2	C516	C516_d1
chr7	110032722	chr7	136111451	26078729	Inversion	INVt2t	1	C516	C516_d1
chr7	110032722	chr7	137185049	27152327	Deletion	DEL	1	C516	C516_d1
chr7	110032722	chr7	141982674	31949952	Inversion	INVt2t	1	C516	C516_d1
chr7	112718857	chr7	114058476	1339619	Deletion	DEL	1	C516	C516_d1
chr7	114058493	chr7	115027676	969183	Deletion	DEL	1	C516	C516_d1
chr7	114058493	chr7	137185049	23126556	Inversion	INVt2t	1	C516	C516_d1
chr7	136111449	chr7	137185050	1073601	Deletion	DEL	2	C516	C516_d1
chr7	136111449	chr7	137185072	1073623	Deletion	DEL	1	C516	C516_d1
chr7	136111449	chr7	141982674	5871225	Inversion	INVh2h	2	C516	C516_d1
chr7	136111451	chr7	143162803	7051352	Inversion	INVt2t	2	C516	C516_d1
chr7	136111457	chr7	153868240	17756783	Inversion	INVt2t	1	C516	C516_d1
chr7	141064607	chr7	143162820	2098213	Inversion	INVh2h	1	C516	C516_d1
chr7	141982674	chr7	143162803	1180129	Inversion	INVh2h	1	C516	C516_d1
chr7	141982674	chr7	143162803	1180129	Inversion	INVt2t	1	C516R	C516R_PB_d1
chr7	141982674	chr7	143162803	1180129	Inversion	INVt2t	2	C516	C516_d1
chr7	141982674	chr7	147845184	5862510	Inversion	INVh2h	1	C516	C516_d1
chr7	141982674	chr7	147845184	5862510	Inversion	INVt2t	1	C516	C516_d1
chr7	143162803	chr7	147845184	4682381	Inversion	INVt2t	1	C516	C516_d1
chr8	15558595	chr8	27551990	11993395	Inversion	INVt2t	1	C516R	C516R_PB_d1
chr8	19933720	chr8	24451239	4517519	Deletion	DEL	1	C516	C516_d1
chr8	19933720	chr8	27551990	7618270	Deletion	DEL	2	C516	C516_d1
chr8	19933720	chr8	34543794	14610074	Inversion	INVt2t	1	C516R	C516R_PB_d1
chr8	19933720	chr8	36487228	16553508	Deletion	DEL	1	C516	C516_d1
chr8	19933720	chr8	47022166	27088446	Inversion	INVt2t	1	C516R	C516R_PB_d1
chr8	23647781	chr8	27552007	3904226	Inversion	INVh2h	1	C516	C516_d1
chr8	24451239	chr8	27551990	3100751	Inversion	INVt2t	1	C516	C516_d1
chr8	24451239	chr8	36487228	12035989	Inversion	INVt2t	1	C516	C516_d1
chr8	24451239	chr8	65383521	40932282	Deletion	DEL	1	C516	C516_d1
chr8	27551990	chr8	36487228	8935238	Inversion	INVh2h	1	C516	C516_d1
chr8	27551990	chr8	43309876	15757886	Inversion	INVh2h	1	C516	C516_d1
chr8	27551990	chr8	46630295	19078305	Inversion	INVh2h	1	C516	C516_d1
chr8	27551990	chr8	71744100	44192110	Inversion	INVt2t	2	C516	C516_d1
chr8	34037785	chr8	36487228	2449443	Deletion	DEL	1	C516	C516_d1
chr8	34543794	chr8	36487228	1943434	Deletion	DEL	2	C516R	C516R_PB_d1
chr8	34543794	chr8	43309876	8766082	Deletion	DEL	1	C516	C516_d1
chr8	34543794	chr8	46630295	12086501	Deletion	DEL	1	C516	C516_d1
chr8	34543794	chr8	75281807	40738013	Inversion	INVh2h	1	C516	C516_d1
chr8	36487228	chr8	43309876	6822648	Inversion	INVh2h	1	C516	C516_d1
chr8	40140791	chr8	119161986	79021195	Inversion	INVh2h	1	C516	C516_d1
chr8	40140808	chr8	79985850	39845042	Deletion	DEL	1	C516	C516_d1
chr8	43309876	chr8	46630295	3320419	Inversion	INVh2h	1	C516	C516_d1
chr8	43309876	chr8	46630295	3320419	Inversion	INVt2t	1	C516	C516_d1
chr8	43309876	chr8	47022166	3712290	Deletion	DEL	1	C516	C516_d1
chr8	43309876	chr8	48336550	5026674	Inversion	INVh2h	1	C516	C516_d1
chr8	43309876	chr8	71744100	28434224	Inversion	INVh2h	2	C516	C516_d1
chr8	43309876	chr8	75281807	31971931	Deletion	DEL	1	C516	C516_d1
chr8	46630295	chr8	47022166	391871	Deletion	DEL	2	C516	C516_d1
chr8	47022166	chr8	126983091	79960925	Deletion	DEL	1	C516	C516_d1
chr8	62280960	chr8	119162003	56881043	Inversion	INVh2h	1	C516	C516_d1
chr8	71744100	chr8	90395974	18651874	Inversion	INVt2t	1	C516	C516_d1
chr8	75281807	chr8	76108907	827100	Inversion	INVh2h	1	C516	C516_d1
chr8	75281807	chr8	77943941	2662134	Inversion	INVh2h	2	C516R	C516R_PB_d1
chr8	75281807	chr8	77943941	2662134	Inversion	INVt2t	5	C516	C516_d1
chr8	75281807	chr8	79985850	4704043	Inversion	INVh2h	2	C516	C516_d1
chr8	75281807	chr8	88900486	13618679	Inversion	INVh2h	1	C516	C516_d1
chr8	75281807	chr8	112534604	37252797	Inversion	INVt2t	2	C516	C516_d1
chr8	76108907	chr8	93409269	17300362	Inversion	INVt2t	1	C516	C516_d1
chr8	76108910	chr8	77943924	1835014	Inversion	INVt2t	1	C516	C516_d1
chr8	77943941	chr8	79985850	2041909	Inversion	INVh2h	1	C516	C516_d1
chr8	77943941	chr8	79985850	2041909	Inversion	INVt2t	1	C516	C516_d1
chr8	79985850	chr8	98617887	18632037	Inversion	INVh2h	1	C516	C516_d1
chr8	79985850	chr8	126983091	46997241	Deletion	DEL	1	C516	C516_d1
chr8	87651606	chr8	90395974	2744368	Deletion	DEL	1	C516	C516_d1
chr8	90395974	chr8	119161986	28766012	Inversion	INVh2h	1	C516	C516_d1
chr8	90395974	chr8	126983091	36587117	Inversion	INVh2h	1	C516	C516_d1
chr8	98653907	chr8	101681484	3027577	Inversion	INVt2t	1	C516	C516_d1
chr8	102003454	chr8	102320497	317043	Inversion	INVt2t	1	C516R	C516R_PB_d1
chr8	119161986	chr8	122247854	3085868	Deletion	DEL	3	C516	C516_d1
chr8	119161986	chr8	126983091	7821105	Inversion	INVh2h	2	C516	C516_d1
chr8	119161986	chr8	126983091	7821105	Inversion	INVt2t	2	C516	C516_d1
chr8	121027615	chr8	122247854	1220239	Inversion	INVh2h	1	C516	C516_d1
chr8	122247854	chr8	126983091	4735237	Deletion	DEL	1	C516	C516_d1
chr9	8105317	chr9	19707330	11602013	Deletion	DEL	1	C516	C516_d1
chr9	8105317	chr9	79497143	71391826	Inversion	INVh2h	2	C516	C516_d1
chr9	14457941	chr9	15597734	1139793	Deletion	DEL	1	C516	C516_d1
chr9	14457941	chr9	32052477	17594536	Deletion	DEL	1	C516	C516_d1
chr9	17287596	chr9	23936566	6648970	Inversion	INVt2t	1	C516	C516_d1
chr9	19707330	chr9	31553033	11845703	Inversion	INVh2h	1	C516	C516_d1
chr9	19707330	chr9	32052477	12345147	Deletion	DEL	2	C516	C516_d1
chr9	26835581	chr9	72451161	45615580	Inversion	INVh2h	1	C516	C516_d1
chr9	26835581	chr9	92217848	65382267	Inversion	INVh2h	1	C516	C516_d1
chr9	30596100	chr9	32052477	1456377	Deletion	DEL	1	C516	C516_d1
chr9	31157521	chr9	31553033	395512	Deletion	DEL	1	C516R	C516R_PB_d1
chr9	31553033	chr9	32052477	499444	Deletion	DEL	3	C516R	C516R_PB_d1
chr9	31553033	chr9	32052477	499444	Deletion	DEL	4	C516	C516_d1
chr9	72451161	chr9	95701016	23249855	Inversion	INVh2h	1	C516	C516_d1
chr9	75703686	chr9	79497140	3793454	Inversion	INVt2t	1	C516	C516_d1
chr9	79497143	chr9	105787660	26290517	Inversion	INVt2t	1	C516R	C516R_PB_d1
chr9	86393539	chr9	120428681	34035142	Inversion	INVh2h	2	C516	C516_d1
chr9	92217848	chr9	105787660	13569812	Deletion	DEL	2	C516	C516_d1
chr9	103436178	chr9	105787675	2351497	Inversion	INVt2t	1	C516	C516_d1
chr9	105747165	chr9	105787660	40495	Inversion	INVt2t	1	C516	C516_d1
chrX	25773374	chrX	26491294	717920	Inversion	INVt2t	7	C516	C516_d1
chrX	25773374	chrX	26491311	717937	Inversion	INVh2h	1	C516R	C516R_PB_d1
chrX	25773374	chrX	26491311	717937	Inversion	INVh2h	7	C516	C516_d1
chrX	25773374	chrX	31534060	5760686	Inversion	INVh2h	1	C516	C516_d1
chrX	25773374	chrX	37772172	11998798	Inversion	INVt2t	1	C516	C516_d1
chrX	26491311	chrX	31534043	5042732	Inversion	INVt2t	1	C516	C516_d1
chrX	26491311	chrX	31534060	5042749	Inversion	INVh2h	3	C516	C516_d1
chrX	26491311	chrX	31534065	5042754	Inversion	INVt2t	1	C516R	C516R_PB_d1
chrX	26491311	chrX	37772172	11280861	Inversion	INVh2h	1	C516	C516_d1
chrX	26491311	chrX	37772172	11280861	Inversion	INVt2t	2	C516	C516_d1
chrX	26491311	chrX	41812163	15320852	Inversion	INVh2h	1	C516	C516_d1
chrX	26491311	chrX	55808641	29317330	Deletion	DEL	1	C516	C516_d1
chrX	26491312	chrX	31534043	5042731	Inversion	INVt2t	1	C516R	C516R_PB_d1
chrX	31534043	chrX	32734338	1200295	Inversion	INVt2t	1	C516	C516_d1
chrX	31534060	chrX	70601442	39067382	Inversion	INVh2h	1	C516	C516_d1
chrX	31534060	chrX	81030399	49496339	Inversion	INVt2t	1	C516	C516_d1
chrX	37772172	chrX	38535571	763399	Deletion	DEL	1	C516	C516_d1
chrX	41812160	chrX	63862966	22050806	Deletion	DEL	1	C516	C516_d1
chrX	51993889	chrX	55808658	3814769	Inversion	INVh2h	1	C516	C516_d1
chrX	55612977	chrX	55808658	195681	Inversion	INVh2h	1	C516	C516_d1
chrX	55808641	chrX	56433792	625151	Inversion	INVh2h	1	C516	C516_d1
chrX	55808641	chrX	68220355	12411714	Deletion	DEL	1	C516	C516_d1
chrX	55808641	chrX	97512098	41703457	Inversion	INVh2h	1	C516	C516_d1
chrX	56327578	chrX	63862966	7535388	Inversion	INVt2t	2	C516	C516_d1
chrX	57866717	chrX	58478164	611447	Inversion	INVh2h	1	C516	C516_d1
chrX	58478164	chrX	70842055	12363891	Inversion	INVh2h	1	C516	C516_d1
chrX	58478164	chrX	86558528	28080364	Deletion	DEL	1	C516	C516_d1
chrX	63522689	chrX	63862965	340276	Deletion	DEL	4	C516	C516_d1
chrX	63522689	chrX	63862966	340277	Deletion	DEL	4	C516	C516_d1
chrX	63862965	chrX	70842055	6979090	Deletion	DEL	1	C516	C516_d1
chrX	63862966	chrX	64546406	683440	Inversion	INVt2t	1	C516	C516_d1
chrX	63862966	chrX	70842055	6979089	Deletion	DEL	1	C516	C516_d1
chrX	68220355	chrX	70601442	2381087	Inversion	INVh2h	2	C516	C516_d1
chrX	68220355	chrX	70842055	2621700	Inversion	INVh2h	1	C516	C516_d1
chrX	68220355	chrX	70842055	2621700	Inversion	INVt2t	1	C516	C516_d1
chrX	68220355	chrX	77247706	9027351	Inversion	INVt2t	2	C516	C516_d1
chrX	70601442	chrX	70842038	240596	Inversion	INVt2t	3	C516	C516_d1
chrX	70601442	chrX	70842055	240613	Inversion	INVh2h	5	C516	C516_d1
chrX	70601442	chrX	81030399	10428957	Inversion	INVh2h	1	C516	C516_d1
chrX	70842048	chrX	97580758	26738710	Deletion	DEL	1	C516	C516_d1
chrX	70842055	chrX	77247706	6405651	Inversion	INVt2t	2	C516	C516_d1
chrX	70842055	chrX	130520815	59678760	Inversion	INVt2t	1	C516	C516_d1
chrX	75928521	chrX	81030399	5101878	Inversion	INVh2h	1	C516	C516_d1
chrX	77247706	chrX	81030399	3782693	Inversion	INVt2t	1	C516	C516_d1
chrX	80961454	chrX	81030382	68928	Deletion	DEL	1	C516R	C516R_PB_d1
chrX	86558528	chrX	91822263	5263735	Inversion	INVt2t	2	C516	C516_d1
chrX	86558528	chrX	97512099	10953571	Inversion	INVt2t	1	C516	C516_d1
chrX	86558528	chrX	97580758	11022230	Inversion	INVt2t	1	C516	C516_d1
chrX	86558528	chrX	155302185	68743657	Inversion	INVh2h	1	C516	C516_d1
chrX	91514178	chrX	91822263	308085	Deletion	DEL	1	C516	C516_d1
chrX	96272939	chrX	97580758	1307819	Deletion	DEL	1	C516	C516_d1
chrX	97512098	chrX	97580775	68677	Inversion	INVh2h	2	C516	C516_d1
chrX	97512098	chrX	131582150	34070052	Deletion	DEL	1	C516	C516_d1
chrX	126386707	chrX	130520815	4134108	Inversion	INVh2h	1	C516	C516_d1
chrX	129856234	chrX	131582150	1725916	Deletion	DEL	2	C516	C516_d1
chrX	129856234	chrX	137077312	7221078	Inversion	INVt2t	1	C516	C516_d1
chrX	130520815	chrX	131582150	1061335	Inversion	INVh2h	7	C516	C516_d1
chrX	130520815	chrX	131582150	1061335	Inversion	INVt2t	2	C516	C516_d1
chrX	130520815	chrX	136442861	5922046	Deletion	DEL	1	C516	C516_d1
chrX	136442858	chrX	139593443	3150585	Deletion	DEL	1	C516R	C516R_PB_d1
chrX	136442861	chrX	137077312	634451	Inversion	INVh2h	1	C516R	C516R_PB_d1
chrX	136442861	chrX	137077312	634451	Inversion	INVt2t	2	C516	C516_d1
chrX	136442861	chrX	155302168	18859307	Inversion	INVt2t	1	C516	C516_d1
chrX	137077310	chrX	140237751	3160441	Inversion	INVh2h	1	C516R	C516R_PB_d1
chrX	137077312	chrX	155302168	18224856	Inversion	INVh2h	2	C516	C516_d1
