timepoint	chr	start	chr_2	end	SVLEN	category	SVTYPE	median_essentiality	min_essentiality
late	chr10	22126500	chr10	23847324	1720824	Deletion	DEL	1.0758068229980946	0.7098508478666
early	chr10	59424606	chr10	60640195	1215589	Deletion	DEL	0.9102025782382452	0.6732766478980181
early	chr10	90156039	chr10	95150940	4994901	Deletion	DEL	0.905411366038593	0.2573509815176523
late	chr10	98230170	chr10	98545211	315041	Deletion	DEL	1.0290808632751292	0.8982239696912616
early	chr10	98545228	chr10	109798118	11252890	Deletion	DEL	0.9015728250642506	0.2590768851386072
early	chr11	26968551	chr11	48426857	21458306	Deletion	DEL	0.8297793174074568	0.14882714007418335
early	chr11	3495542	chr11	6119975	2624433	Deletion	DEL	1.046351582415842	0.1194037403349649
early	chr11	60154652	chr11	63346998	3192346	Deletion	DEL	0.8248223794722689	0.18076392683013504
early	chr11	60154652	chr11	87620739	27466087	Deletion	DEL	0.7975623748205495	0.15546684189416446
early	chr11	6119992	chr11	8445966	2325974	Deletion	DEL	1.0051703175719306	0.13483675940515588
early	chr11	6119992	chr11	93175036	87055044	Deletion	DEL	0.8563123335276825	0.13483675940515588
early	chr11	63340739	chr11	117567797	54227058	Deletion	DEL	0.8525806460595732	0.15475830522683312
early	chr11	8445967	chr11	14781239	6335272	Deletion	DEL	0.9160633538754419	0.18007257337011667
early	chr11	85429202	chr11	86827082	1397880	Deletion	DEL	0.8522485807162337	0.3884454303294852
early	chr11	85429202	chr11	87620739	2191537	Deletion	DEL	0.8881344473754571	0.3884454303294852
early	chr11	85429202	chr11	89315843	3886641	Deletion	DEL	0.9262005669633082	0.3884454303294852
early	chr12	28763532	chr12	30435093	1671561	Deletion	DEL	0.8844233326545958	0.6618112820826736
early	chr12	64199024	chr12	64289939	90915	Deletion	DEL	0.7162408506830578	0.7162408506830578
early	chr12	80125627	chr12	81242415	1116788	Deletion	DEL	0.8845420895219678	0.8355828007177672
early	chr12	88404143	chr12	106474454	18070311	Deletion	DEL	0.9328534162917926	0.18237736946302383
early	chr13	40738362	chr13	41748187	1009825	Deletion	DEL	0.8555787939496021	0.3435772100948372
early	chr13	40738362	chr13	58184730	17446368	Deletion	DEL	0.9113954309607594	0.1514727770022778
early	chr13	41748187	chr13	41873741	125554	Deletion	DEL	0.9450784807469766	0.9450784807469766
early	chr13	58184730	chr13	59984900	1800170	Deletion	DEL	0.8990550368177995	0.8990550368177995
early	chr14	27820216	chr14	46512150	18691934	Deletion	DEL	0.8324146413572086	0.21196179336452478
early	chr14	44312474	chr14	44554141	241667	Deletion	DEL	1.021423045618845	1.021423045618845
early	chr14	46512147	chr14	66834844	20322697	Deletion	DEL	0.848044585174758	0.13159411353260955
early	chr14	66584977	chr14	67871494	1286517	Deletion	DEL	0.886707896811087	0.25179667249291005
early	chr14	83642744	chr14	87778054	4135310	Deletion	DEL	0.9926335952797252	0.9926335952797252
early	chr15	27190315	chr15	47168955	19978640	Deletion	DEL	0.8359270324713172	0.14804249405635156
early	chr15	70732568	chr15	72430947	1698379	Deletion	DEL	0.6577269457911874	0.2755007277746912
early	chr15	70732568	chr15	73218530	2485962	Deletion	DEL	0.6562110774939341	0.2755007277746912
early	chr15	76722516	chr15	77322705	600189	Deletion	DEL	0.5985402037952974	0.5429984710974342
early	chr15	76722516	chr15	78611145	1888629	Deletion	DEL	0.6752501830783171	0.148330854186226
early	chr16	47441253	chr16	47680358	239105	Deletion	DEL	0.8614674872276891	0.6645553021313978
early	chr18	22888933	chr18	68787417	45898484	Deletion	DEL	0.9667528724737464	0.17538483879528893
early	chr18	22888933	chr18	77418569	54529636	Deletion	DEL	0.9741267183615825	0.17538483879528893
early	chr18	3696770	chr18	3737195	40425	Deletion	DEL	0.9986192276233835	0.9986192276233835
early	chr18	3737195	chr18	4650014	912819	Deletion	DEL	0.9986192276233835	0.9986192276233835
early	chr18	45811336	chr18	77418569	31607233	Deletion	DEL	1.0088983919583594	0.18401112743322606
early	chr18	59406532	chr18	63691632	4285100	Deletion	DEL	1.0478630712068613	0.3945963050436894
late	chr18	59406532	chr18	63691632	4285100	Deletion	DEL	1.0478630712068613	0.3945963050436894
early	chr18	63691632	chr18	68787417	5095785	Deletion	DEL	1.0431123428513664	0.9352332885747796
late	chr18	63691632	chr18	68787417	5095785	Deletion	DEL	1.0431123428513664	0.9352332885747796
early	chr1	125018615	chr1	152550381	27531766	Deletion	DEL	0.8179297926422883	0.1768637072621634
late	chr1	152550381	chr1	152939981	389600	Deletion	DEL	1.0495994070155004	0.8492800406578642
early	chr1	166313472	chr1	187601107	21287635	Deletion	DEL	0.9039947384932006	0.1461414792844308
early	chr1	172233464	chr1	205403290	33169826	Deletion	DEL	0.9257154117881283	0.1461414792844308
early	chr1	246410759	chr1	246717743	306984	Deletion	DEL	0.8433973963521665	0.25470724836629066
early	chr1	68998006	chr1	100634828	31636822	Deletion	DEL	0.9082301856952237	0.1541381177613675
late	chr1	68998006	chr1	69885205	887199	Deletion	DEL	0.8852110172468733	0.8852110172468733
late	chr1	68998006	chr1	69925389	927383	Deletion	DEL	0.8852110172468733	0.8852110172468733
early	chr1	71122428	chr1	74449052	3326624	Deletion	DEL	1.0455082329744936	1.0444192125382492
early	chr1	71122428	chr1	83687105	12564677	Deletion	DEL	0.926520233542036	0.1541381177613675
early	chr1	83341597	chr1	100634828	17293231	Deletion	DEL	0.88361224068728506	0.24207854859662797
early	chr1	83341597	chr1	85827515	2485918	Deletion	DEL	0.8476289189498669	0.24207854859662797
late	chr21	17379476	chr21	17750664	371188	Deletion	DEL	0.8780772900108313	0.7662528983938819
early	chr2	132234760	chr2	137283988	5049228	Deletion	DEL	0.8750519898604325	0.3279729932630698
early	chr2	139308640	chr2	171643865	32335225	Deletion	DEL	0.9436963816560637	0.22392840224848765
early	chr2	139308640	chr2	195933008	56624368	Deletion	DEL	0.9352692589537925	0.19202525106342783
early	chr2	143664991	chr2	228231617	84566626	Deletion	DEL	0.9735302865278296	0.12851269573222002
early	chr2	158354652	chr2	160853311	2498659	Deletion	DEL	0.9566915497373005	0.7759151889338041
early	chr2	158354652	chr2	174407048	16052396	Deletion	DEL	0.9374565630265487	0.19202525106342783
late	chr2	169310774	chr2	169367441	56667	Deletion	DEL	0.9374565630265487	0.9374565630265487
early	chr2	169310787	chr2	172318706	3007919	Deletion	DEL	0.8511240270531542	0.19202525106342783
late	chr2	169310790	chr2	169367424	56634	Deletion	DEL	0.9374565630265487	0.9374565630265487
early	chr2	169310790	chr2	172318689	3007899	Deletion	DEL	0.8511240270531542	0.19202525106342783
early	chr2	169310790	chr2	189027464	19716674	Deletion	DEL	0.8980348900884497	0.19202525106342783
early	chr2	172318706	chr2	173529881	1211175	Deletion	DEL	0.9689185225976125	0.8639047478297365
early	chr2	172318706	chr2	174407048	2088342	Deletion	DEL	0.8662345326183633	0.5374317081048969
late	chr2	173529881	chr2	174271872	741991	Deletion	DEL	0.7080208958633509	0.5498072591083386
early	chr2	173529881	chr2	178969178	5439297	Deletion	DEL	0.9000852957512093	0.4569486771120165
early	chr2	173529881	chr2	178969192	5439311	Deletion	DEL	0.9000852957512093	0.4569486771120165
early	chr2	174407048	chr2	182215840	7808792	Deletion	DEL	0.9176278894879145	0.3040368471550199
late	chr2	178969176	chr2	179063767	94591	Deletion	DEL	1.1954341781947921	1.1954341781947921
early	chr2	178969176	chr2	185844321	6875145	Deletion	DEL	0.8988802269858678	0.27626083835351367
late	chr2	18014601	chr2	18694781	680180	Deletion	DEL	1.0635121519653277	1.0635121519653277
early	chr2	18014602	chr2	210448944	192434342	Deletion	DEL	0.8849502520119255	0.11660995735330877
late	chr2	18014602	chr2	21211162	3196560	Deletion	DEL	1.02314236950431	0.8460901545390586
early	chr2	182215840	chr2	185844321	3628481	Deletion	DEL	0.9050441523145737	0.27626083835351367
early	chr2	210448928	chr2	228231617	17782689	Deletion	DEL	1.050173654044383	0.21168268863641831
early	chr2	210448929	chr2	228231617	17782688	Deletion	DEL	1.050173654044383	0.21168268863641831
early	chr2	41274108	chr2	49084928	7810820	Deletion	DEL	0.8794361090750317	0.2148868418284339
early	chr2	76093237	chr2	77757173	1663936	Deletion	DEL	0.9916266977451571	0.9916266977451571
late	chr2	76907917	chr2	77757190	849273	Deletion	DEL	0.9916266977451571	0.9916266977451571
early	chr3	143394025	chr3	192962222	49568197	Deletion	DEL	0.9594089199903602	0.1348171001376603
early	chr3	15697818	chr3	23352808	7654990	Deletion	DEL	0.9929554866463324	0.4296382112961385
early	chr3	158197090	chr3	167132904	8935814	Deletion	DEL	0.9384168460351843	0.2598768380342299
early	chr3	163432648	chr3	166629319	3196671	Deletion	DEL	0.9963454181111066	0.8127256808599104
early	chr3	165880025	chr3	167278657	1398632	Deletion	DEL	1.027362246766869	1.027362246766869
early	chr3	167132904	chr3	168767041	1634137	Deletion	DEL	1.0254532038672879	0.7782026547380628
early	chr3	23352808	chr3	132809681	109456873	Deletion	DEL	0.8708013071684422	0.08678221886712234
early	chr3	23352808	chr3	35902957	12550149	Deletion	DEL	0.9234754223437307	0.19333587714791609
early	chr3	29997342	chr3	158197090	128199748	Deletion	DEL	0.875020490935298	0.08678221886712234
early	chr3	29997342	chr3	35902957	5905615	Deletion	DEL	0.9001495415982445	0.19333587714791609
early	chr3	39997608	chr3	40904997	907389	Deletion	DEL	0.9045053723900365	0.08678221886712234
early	chr3	40904997	chr3	41493986	588989	Deletion	DEL	1.0963154212081745	0.9838437704564439
early	chr3	4919975	chr3	6487499	1567524	Deletion	DEL	1.050593931315936	0.812213882286912
early	chr3	55835176	chr3	168767041	112931865	Deletion	DEL	0.8897556609449158	0.16413465223318674
early	chr3	65697298	chr3	109510791	43813493	Deletion	DEL	0.8673554445683508	0.22828595461275783
early	chr3	65697298	chr3	110120244	44422946	Deletion	DEL	0.8673554445683508	0.22828595461275783
early	chr3	70848819	chr3	109762718	38913899	Deletion	DEL	0.8692403615305151	0.22828595461275783
early	chr4	105981649	chr4	107675610	1693961	Deletion	DEL	0.9779600221525964	0.9020582787772405
early	chr4	105981650	chr4	106900910	919260	Deletion	DEL	1.0089504747857432	0.9789332140255124
late	chr4	105981651	chr4	106900927	919276	Deletion	DEL	1.0089504747857432	0.9789332140255124
early	chr4	106900927	chr4	188560854	81659927	Deletion	DEL	0.9823382755059548	0.215846433051899
early	chr4	11063505	chr4	21162829	10099324	Deletion	DEL	0.9647060057381108	0.359170649577908
early	chr4	126673160	chr4	133736523	7063363	Deletion	DEL	0.9008788756281081	0.25674479693546964
early	chr4	137915588	chr4	143675965	5760377	Deletion	DEL	0.9167669569131741	0.3086274469669024
early	chr4	141364990	chr4	143675948	2310958	Deletion	DEL	0.9167669569131741	0.48205317092998057
early	chr4	142994455	chr4	144247066	1252611	Deletion	DEL	0.9487324068219781	0.48205317092998057
late	chr4	143675965	chr4	144247066	571101	Deletion	DEL	1.0554396084505	0.9806978567307821
early	chr4	143675968	chr4	144247066	571098	Deletion	DEL	1.0554396084505	0.9806978567307821
early	chr4	170265870	chr4	173789465	3523595	Deletion	DEL	1.0274641132899431	0.699829428655774
early	chr4	20671258	chr4	23618219	2946961	Deletion	DEL	0.9530965907128474	0.8649383194817406
early	chr4	21162829	chr4	21267938	105109	Deletion	DEL	0.8649383194817406	0.8649383194817406
late	chr4	21267938	chr4	23618212	2350274	Deletion	DEL	0.8649383194817406	0.8649383194817406
early	chr4	21267938	chr4	26591912	5323974	Deletion	DEL	0.8846160028651808	0.12806628314989274
early	chr4	23618215	chr4	91523463	67905248	Deletion	DEL	0.884927012191109	0.12806628314989274
early	chr4	26591912	chr4	60271617	33679705	Deletion	DEL	0.8270286268722901	0.14145806254012722
early	chr4	37313217	chr4	53251290	15938073	Deletion	DEL	0.8516674745685245	0.18505875714772707
early	chr4	37313217	chr4	55622591	18309374	Deletion	DEL	0.8516674745685245	0.18505875714772707
early	chr4	40766662	chr4	47352340	6585678	Deletion	DEL	0.8975941310629443	0.23550285927000209
early	chr4	43287246	chr4	46753006	3465760	Deletion	DEL	0.9249373268638654	0.8198375815014438
early	chr4	44596643	chr4	56333835	11737192	Deletion	DEL	0.8374828480734834	0.33450151473477446
late	chr4	46753006	chr4	47352340	599334	Deletion	DEL	0.9284616737127344	0.8953287613737634
early	chr4	47352340	chr4	105981649	58629309	Deletion	DEL	0.8864301560892793	0.14145806254012722
early	chr4	47352340	chr4	56333835	8981495	Deletion	DEL	0.8066587810427961	0.33450151473477446
early	chr4	53971090	chr4	56333835	2362745	Deletion	DEL	0.8429172127629139	0.33450151473477446
early	chr4	55622591	chr4	56333835	711244	Deletion	DEL	0.49841426150784945	0.47714554544420135
early	chr4	56333835	chr4	122113531	65779696	Deletion	DEL	0.9148444040242263	0.14145806254012722
early	chr4	64666157	chr4	67297431	2631274	Deletion	DEL	0.8824390939797774	0.8824390939797774
early	chr4	66548669	chr4	91523470	24974801	Deletion	DEL	0.9096975747215035	0.15137722222277453
early	chr4	67297428	chr4	79707989	12410561	Deletion	DEL	0.9079238729675557	0.2173639370290571
early	chr4	78273903	chr4	106900927	28627024	Deletion	DEL	0.9160405663658693	0.15137722222277453
early	chr4	90411198	chr4	105981649	15570451	Deletion	DEL	0.9259812393952237	0.3308950765976436
early	chr4	90411198	chr4	90492106	80908	Deletion	DEL	0.9780350240276373	0.9780350240276373
early	chr4	90411198	chr4	91523463	1112265	Deletion	DEL	0.9780350240276373	0.9780350240276373
late	chr4	90492106	chr4	90915072	422966	Deletion	DEL	0.9780350240276373	0.9780350240276373
early	chr4	96411783	chr4	106900910	10489127	Deletion	DEL	0.933253006933495	0.3308950765976436
early	chr5	120667048	chr5	121067632	400584	Deletion	DEL	0.9789107971977135	0.9789107971977135
early	chr5	137972036	chr5	138681267	709231	Deletion	DEL	0.9138536724916286	0.16504902486107792
early	chr5	16338849	chr5	37458415	21119566	Deletion	DEL	0.9268781092800034	0.1820318159226867
early	chr5	26479476	chr5	41490524	15011048	Deletion	DEL	0.9052186515565852	0.1820318159226867
late	chr5	32758182	chr5	32922330	164148	Deletion	DEL	1.0310566980310176	1.0310566980310176
early	chr5	32922330	chr5	41490524	8568194	Deletion	DEL	0.909436720913459	0.1820318159226867
early	chr5	35020147	chr5	97681857	62661710	Deletion	DEL	0.8354904755421363	0.15483998187726214
early	chr5	36919114	chr5	78121752	41202638	Deletion	DEL	0.8186919519427844	0.15483998187726214
early	chr5	44671933	chr5	62801559	18129626	Deletion	DEL	0.8189802526712417	0.2405579123577412
early	chr5	60559044	chr5	60878460	319416	Deletion	DEL	0.7940733131215528	0.7608006737849007
early	chr5	60559044	chr5	62801559	2242515	Deletion	DEL	0.7800604291178488	0.31201675897552855
early	chr5	60559044	chr5	89737297	29178253	Deletion	DEL	0.8008377228422923	0.15483998187726214
early	chr5	72580869	chr5	79098480	6517611	Deletion	DEL	0.8302275760286322	0.15483998187726214
early	chr5	89737297	chr5	137972036	48234739	Deletion	DEL	0.9304222298605433	0.17708238261235254
early	chr5	90819004	chr5	132106916	41287912	Deletion	DEL	0.9349276392981161	0.17708238261235254
early	chr5	90926221	chr5	137972036	47045815	Deletion	DEL	0.9305424102946926	0.17708238261235254
early	chr5	99560332	chr5	104359902	4799570	Deletion	DEL	0.9892764264995559	0.9458909580978196
early	chr6	141973095	chr6	143304815	1331720	Deletion	DEL	1.0057693742290217	0.8905745410469441
early	chr6	22462334	chr6	115124814	92662480	Deletion	DEL	0.8950958167436335	0.11462359307802272
early	chr6	38301449	chr6	49390315	11088866	Deletion	DEL	0.8831360750966096	0.2771269949980118
early	chr6	38301449	chr6	72573575	34272126	Deletion	DEL	0.8894396416140072	0.2771269949980118
early	chr6	64094344	chr6	72573575	8479231	Deletion	DEL	0.87696414872395545	0.8086724834029875
early	chr6	70785876	chr6	93634177	22848301	Deletion	DEL	0.8741602256459974	0.16237473710805087
early	chr6	72800218	chr6	86924715	14124497	Deletion	DEL	0.8851870197852963	0.16237473710805087
early	chr6	80494861	chr6	86924732	6429871	Deletion	DEL	0.8927243985061096	0.24773399802631055
early	chr6	80494861	chr6	88409946	7915085	Deletion	DEL	0.8746324467355128	0.17389880212382716
late	chr6	84820158	chr6	86924732	2104574	Deletion	DEL	0.9240022104152681	0.7410903646535436
early	chr6	86924732	chr6	94870872	7946140	Deletion	DEL	0.8563889524272617	0.17290708022561752
early	chr6	86924732	chr6	99042600	12117868	Deletion	DEL	0.8584833413865278	0.17290708022561752
late	chr6	92627914	chr6	93634177	1006263	Deletion	DEL	1.017598500621278	1.017598500621278
early	chr6	93035581	chr6	93634177	598596	Deletion	DEL	1.017598500621278	1.017598500621278
late	chr6	93035581	chr6	93634177	598596	Deletion	DEL	1.017598500621278	1.017598500621278
early	chr6	98010725	chr6	100199900	2189175	Deletion	DEL	0.928117154070013	0.29432125902499845
early	chr7	110032722	chr7	114058493	4025771	Deletion	DEL	0.9732838133762837	0.917403140343385
early	chr7	110032722	chr7	137185049	27152327	Deletion	DEL	0.9796015162138904	0.21927600559297625
early	chr7	112718857	chr7	114058476	1339619	Deletion	DEL	1.0080530441366757	1.0049112746547721
early	chr7	114058493	chr7	115027676	969183	Deletion	DEL	0.9869801624411545	0.9466912553321069
late	chr7	136111443	chr7	137185032	1073589	Deletion	DEL	1.047214008976352	1.047214008976352
early	chr7	136111449	chr7	137185050	1073601	Deletion	DEL	1.047214008976352	1.047214008976352
early	chr7	136111449	chr7	137185072	1073623	Deletion	DEL	1.047214008976352	1.047214008976352
early	chr7	18137894	chr7	22927742	4789848	Deletion	DEL	0.9681765342144483	0.6233174710831468
early	chr7	18137894	chr7	86552503	68414609	Deletion	DEL	0.8619261980467074	0.12556904454577694
early	chr7	23622154	chr7	51893344	28271190	Deletion	DEL	0.8871394545551845	0.17762287550098668
late	chr7	54308617	chr7	91217683	36909066	Deletion	DEL	0.8326160712943761	0.12556904454577694
early	chr8	119161986	chr8	122247854	3085868	Deletion	DEL	1.0439209715449274	0.15720634397023195
early	chr8	122247854	chr8	126983091	4735237	Deletion	DEL	0.9747964791793551	0.24768375881204027
early	chr8	19933720	chr8	24451239	4517519	Deletion	DEL	0.9346035932343926	0.25246850455479164
early	chr8	19933720	chr8	27551990	7618270	Deletion	DEL	0.9346035932343926	0.25246850455479164
early	chr8	19933720	chr8	36487228	16553508	Deletion	DEL	0.9204402107407724	0.2045427922436117
early	chr8	24451239	chr8	65383521	40932282	Deletion	DEL	0.8685300080616758	0.13756001715430036
early	chr8	34037785	chr8	36487228	2449443	Deletion	DEL	1.0560680274340015	1.0560680274340015
early	chr8	34543794	chr8	36487228	1943434	Deletion	DEL	1.0560680274340015	1.0560680274340015
late	chr8	34543794	chr8	36487228	1943434	Deletion	DEL	1.0560680274340015	1.0560680274340015
early	chr8	34543794	chr8	43309876	8766082	Deletion	DEL	0.8643863008103291	0.18633429949564587
early	chr8	34543794	chr8	46630295	12086501	Deletion	DEL	0.8643863008103291	0.18633429949564587
early	chr8	40140808	chr8	79985850	39845042	Deletion	DEL	0.8627631597410736	0.13756001715430036
early	chr8	43309876	chr8	75281807	31971931	Deletion	DEL	0.8602180126846914	0.13756001715430036
early	chr8	47022166	chr8	126983091	79960925	Deletion	DEL	0.9063491225839937	0.08571569565995699
early	chr8	79985850	chr8	126983091	46997241	Deletion	DEL	0.9412328179305041	0.08571569565995699
early	chr8	87651606	chr8	90395974	2744368	Deletion	DEL	0.998568202057087	0.5196118793057414
early	chr9	14457941	chr9	15597734	1139793	Deletion	DEL	1.062182894923614	0.2711575299199334
early	chr9	14457941	chr9	32052477	17594536	Deletion	DEL	1.0183555649533838	0.2711575299199334
early	chr9	19707330	chr9	32052477	12345147	Deletion	DEL	1.0234342122977005	0.8288997747856277
early	chr9	8105317	chr9	19707330	11602013	Deletion	DEL	0.986848477063126	0.2711575299199334
early	chr9	92217848	chr9	105787660	13569812	Deletion	DEL	0.8979140241628177	0.17005693192050964
early	chrX	129856234	chrX	131582150	1725916	Deletion	DEL	1.0953526159254308	0.323383312125278
late	chrX	129856243	chrX	155431095	25574852	Deletion	DEL	1.1079468576729263	0.14153849537152327
early	chrX	130520815	chrX	136442861	5922046	Deletion	DEL	1.0975094091852609	0.5371140006424471
early	chrX	136442858	chrX	139593443	3150585	Deletion	DEL	1.1100345413231474	0.45863329280564297
early	chrX	26491311	chrX	55808641	29317330	Deletion	DEL	1.0846030810943055	0.19437637595934765
early	chrX	37772172	chrX	38535571	763399	Deletion	DEL	1.145926702350545	0.81711183885149
early	chrX	41812160	chrX	63862966	22050806	Deletion	DEL	1.077479046640868	0.19437637595934765
early	chrX	55808641	chrX	68220355	12411714	Deletion	DEL	1.074345425612097	0.3478118547197076
early	chrX	58478164	chrX	86558528	28080364	Deletion	DEL	1.0160935332768344	0.2744822309166522
early	chrX	63522689	chrX	63862965	340276	Deletion	DEL	0.9875547305127965	0.9875547305127965
early	chrX	63522689	chrX	63862966	340277	Deletion	DEL	0.9875547305127965	0.9875547305127965
late	chrX	63599785	chrX	130520798	66921013	Deletion	DEL	1.088668903265551	0.22844420010311092
early	chrX	63862965	chrX	70842055	6979090	Deletion	DEL	1.0052313072273005	0.3478118547197076
early	chrX	63862966	chrX	70842055	6979089	Deletion	DEL	1.0052313072273005	0.3478118547197076
late	chrX	70601442	chrX	70842055	240613	Deletion	DEL	1.1913355111712853	1.1913355111712853
late	chrX	70601442	chrX	70940547	339105	Deletion	DEL	1.0709330695005752	0.950530627829865
early	chrX	70842048	chrX	97580758	26738710	Deletion	DEL	1.0604176894783266	0.2744822309166522
late	chrX	70842055	chrX	70940547	98492	Deletion	DEL	1.0709330695005752	0.950530627829865
early	chrX	91514178	chrX	91822263	308085	Deletion	DEL	1.1516048029384922	1.1516048029384922
early	chrX	96272939	chrX	97580758	1307819	Deletion	DEL	1.0473185373247793	1.0447390255752147
early	chrX	97512098	chrX	131582150	34070052	Deletion	DEL	1.121760678431666	0.22844420010311092
early	chr10	11734028	chr10	22126500	10392472	Inversion	INVh2h	1.1054906751303766	0.16330460750060516
early	chr10	22126500	chr10	23847324	1720824	Inversion	INVh2h	1.0758068229980946	0.7098508478666
early	chr10	82346649	chr10	91429467	9082818	Inversion	INVh2h	0.9332930271273359	0.2573509815176523
early	chr10	82346654	chr10	90156056	7809402	Inversion	INVh2h	0.934858967579908	0.5482885404897537
early	chr10	82346654	chr10	91429484	9082830	Inversion	INVh2h	0.9332930271273359	0.2573509815176523
early	chr10	95150939	chr10	98545228	3394289	Inversion	INVh2h	0.938891365172109	0.32025401039386947
late	chr10	95150939	chr10	98545228	3394289	Inversion	INVh2h	0.938891365172109	0.32025401039386947
early	chr11	34761423	chr11	86827099	52065676	Inversion	INVh2h	0.8228663219521101	0.14882714007418335
early	chr11	48233260	chr11	48655379	422119	Inversion	INVh2h	0.8454553192629004	0.7493871221571289
early	chr11	5415850	chr11	6119992	704142	Inversion	INVh2h	1.0573185052282805	0.9001429678313215
early	chr11	6119992	chr11	16524052	10404060	Inversion	INVh2h	0.9774430542674458	0.13483675940515588
early	chr11	6119992	chr11	26968554	20848562	Inversion	INVh2h	0.9706852003259923	0.13483675940515588
early	chr11	6119992	chr11	6908142	788150	Inversion	INVh2h	1.0194104058149251	0.2181831986031879
early	chr11	6120001	chr11	18899724	12779723	Inversion	INVh2h	0.9747530453164129	0.13483675940515588
early	chr11	63340739	chr11	86827082	23486343	Inversion	INVh2h	0.7957244681622261	0.15546684189416446
late	chr11	63346998	chr11	89315843	25968845	Inversion	INVh2h	0.7974274104936936	0.15546684189416446
early	chr11	86827082	chr11	87620739	793657	Inversion	INVh2h	1.0015850370979393	0.973584119493281
late	chr11	86827082	chr11	87620739	793657	Inversion	INVh2h	1.0015850370979393	0.973584119493281
early	chr11	87620730	chr11	109080678	21459948	Inversion	INVh2h	0.9679324799741973	0.15475830522683312
early	chr11	87620739	chr11	89315843	1695104	Inversion	INVh2h	0.965153193522049	0.9279516138324011
early	chr12	104391153	chr12	106474471	2083318	Inversion	INVh2h	0.9293922237866229	0.1943465520757181
early	chr12	38384325	chr12	48575891	10191566	Inversion	INVh2h	0.8796139292038219	0.45717247883865464
late	chr12	80125627	chr12	80246752	121125	Inversion	INVh2h	0.8845420895219678	0.8845420895219678
early	chr12	87633089	chr12	88404143	771054	Inversion	INVh2h	1.0335716634063117	0.9293046971167147
early	chr13	30262793	chr13	33988105	3725312	Inversion	INVh2h	0.8371385858011946	0.19901487272481927
early	chr13	33988105	chr13	88200608	54212503	Inversion	INVh2h	0.9238443266060019	0.1514727770022778
late	chr13	50472233	chr13	50554616	82383	Inversion	INVh2h	1.0536117968137635	1.0536117968137635
early	chr13	58184730	chr13	60829789	2645059	Inversion	INVh2h	0.9232375451397408	0.8990550368177995
early	chr13	58184730	chr13	65220377	7035647	Inversion	INVh2h	0.9474200534616821	0.8990550368177995
early	chr14	38977778	chr14	44554140	5576362	Inversion	INVh2h	0.9490196223947627	0.32433136750477415
early	chr14	44554140	chr14	51797191	7243051	Inversion	INVh2h	0.8151796977339573	0.13159411353260955
early	chr14	66584977	chr14	66834844	249867	Inversion	INVh2h	0.7497345081802482	0.7497345081802482
early	chr15	35337035	chr15	36684668	1347633	Inversion	INVh2h	0.5333536840084095	0.5333536840084095
early	chr15	36684668	chr15	37305881	621213	Inversion	INVh2h	1.2902791085274596	1.2902791085274596
early	chr15	77322703	chr15	78611145	1288442	Inversion	INVh2h	0.7436480265294517	0.148330854186226
early	chr16	47441253	chr16	47913422	472169	Inversion	INVh2h	0.8614674872276891	0.6645553021313978
early	chr16	47913422	chr16	51333365	3419943	Inversion	INVh2h	0.8744472269637821	0.40867286420659216
early	chr17	20600559	chr17	27101745	6501186	Inversion	INVh2h	0.7004564393716095	0.6314845962424056
early	chr18	15189067	chr18	22888933	7699866	Inversion	INVh2h	0.8896043014975569	0.26037060243706317
early	chr18	15369556	chr18	32230509	16860953	Inversion	INVh2h	0.887267783123592	0.26037060243706317
early	chr18	22888933	chr18	35763822	12874889	Inversion	INVh2h	0.889932167417027	0.3094888344893606
early	chr18	22888933	chr18	45811336	22922403	Inversion	INVh2h	0.8885999752703095	0.17538483879528893
early	chr18	55890000	chr18	59406518	3516518	Inversion	INVh2h	1.0258308615651555	0.2855621643891054
early	chr18	59406532	chr18	77418569	18012037	Inversion	INVh2h	1.045459912459732	0.18401112743322606
early	chr1	100634828	chr1	104937734	4302906	Inversion	INVh2h	0.8395767018601564	0.25738757510560195
early	chr1	160477895	chr1	166313489	5835594	Inversion	INVh2h	0.9048480345230415	0.21608515142029774
late	chr1	171376992	chr1	172233464	856472	Inversion	INVh2h	0.9191175181055861	0.6750424626748515
early	chr1	171376992	chr1	246717760	75340768	Inversion	INVh2h	0.9479827862107737	0.13454716352195772
early	chr1	172233464	chr1	172317813	84349	Inversion	INVh2h	0.9191175181055861	0.9191175181055861
late	chr1	172233464	chr1	187601107	15367643	Inversion	INVh2h	0.9108941238441655	0.1461414792844308
early	chr1	212394011	chr1	212661603	267592	Inversion	INVh2h	0.8697215446029332	0.7782063383706783
early	chr1	212661603	chr1	246717760	34056157	Inversion	INVh2h	0.9666262125428138	0.13454716352195772
early	chr1	50888953	chr1	52173591	1284638	Inversion	INVh2h	0.8359299211271303	0.1757624414426766
early	chr1	66783735	chr1	125018615	58234880	Inversion	INVh2h	0.8508097969920929	0.1541381177613675
early	chr1	66783735	chr1	68998006	2214271	Inversion	INVh2h	0.9742501941436851	0.4820586774863946
late	chr1	66783735	chr1	68998006	2214271	Inversion	INVh2h	0.9742501941436851	0.4820586774863946
early	chr1	71122428	chr1	83341597	12219169	Inversion	INVh2h	0.926520233542036	0.1541381177613675
late	chr1	80396937	chr1	100634828	20237891	Inversion	INVh2h	0.88361224068728506	0.24207854859662797
early	chr1	80396937	chr1	85774459	5377522	Inversion	INVh2h	0.8476289189498669	0.24207854859662797
early	chr1	80396937	chr1	85827515	5430578	Inversion	INVh2h	0.8476289189498669	0.24207854859662797
early	chr1	83687105	chr1	85827515	2140410	Inversion	INVh2h	0.8476289189498669	0.24207854859662797
early	chr1	85827515	chr1	100634828	14807313	Inversion	INVh2h	0.9136474812318137	0.27752396752778674
early	chr1	85827515	chr1	96054185	10226670	Inversion	INVh2h	0.8943325368323164	0.27752396752778674
early	chr20	1220297	chr20	24904032	23683735	Inversion	INVh2h	0.944200739515204	0.12909098970322183
early	chr20	24904025	chr20	48589009	23684984	Inversion	INVh2h	0.8527741365824533	0.16990884141566293
early	chr20	24904032	chr20	25263855	359823	Inversion	INVh2h	0.8549145552281365	0.8024828307589249
early	chr21	14936434	chr21	17750681	2814247	Inversion	INVh2h	0.8819986129575792	0.7662528983938819
late	chr21	16153067	chr21	17750681	1597614	Inversion	INVh2h	0.8780772900108313	0.7662528983938819
early	chr2	132234745	chr2	147770057	15535312	Inversion	INVh2h	0.8857247747469488	0.3279729932630698
late	chr2	132234760	chr2	134065480	1830720	Inversion	INVh2h	0.889527397877511	0.8178083260329341
early	chr2	132234760	chr2	178969169	46734409	Inversion	INVh2h	0.9291360108710806	0.19202525106342783
early	chr2	138290509	chr2	139308640	1018131	Inversion	INVh2h	0.9683440446324525	0.8758273411772773
early	chr2	139308640	chr2	147770057	8461417	Inversion	INVh2h	0.9634563754425736	0.8300382064553612
early	chr2	143664991	chr2	147770057	4105066	Inversion	INVh2h	1.019836683700066	0.9634563754425736
late	chr2	143664991	chr2	157371975	13706984	Inversion	INVh2h	0.9438588466216278	0.22392840224848765
early	chr2	143664991	chr2	174271872	30606881	Inversion	INVh2h	0.9436963816560637	0.19202525106342783
early	chr2	147770050	chr2	158354652	10584602	Inversion	INVh2h	0.9279731724217075	0.22392840224848765
early	chr2	149405322	chr2	171643882	22238560	Inversion	INVh2h	0.9450515947431837	0.22392840224848765
early	chr2	158354655	chr2	178969176	20614521	Inversion	INVh2h	0.9362806211253734	0.19202525106342783
early	chr2	160853311	chr2	169310807	8457496	Inversion	INVh2h	0.9800877734314257	0.24289731962227307
late	chr2	169310790	chr2	170625172	1314382	Inversion	INVh2h	0.8591265540399824	0.5711160835903387
early	chr2	169310790	chr2	171643882	2333092	Inversion	INVh2h	0.849150319900451	0.5711160835903387
late	chr2	169310790	chr2	187186588	17875798	Inversion	INVh2h	0.8959131046496503	0.19202525106342783
early	chr2	171643865	chr2	173529881	1886016	Inversion	INVh2h	0.925680500282957	0.19202525106342783
early	chr2	172318706	chr2	174271872	1953166	Inversion	INVh2h	0.9108412142673135	0.5498072591083386
early	chr2	173529881	chr2	174407048	877167	Inversion	INVh2h	0.8583163300457722	0.5374317081048969
early	chr2	174271872	chr2	178969173	4697301	Inversion	INVh2h	0.9103044638996507	0.4569486771120165
early	chr2	174407048	chr2	229967983	55560935	Inversion	INVh2h	0.9938242898245231	0.12851269573222002
early	chr2	178969176	chr2	182215840	3246664	Inversion	INVh2h	0.9099989797346257	0.3040368471550199
early	chr2	18014602	chr2	21211164	3196562	Inversion	INVh2h	1.02314236950431	0.8460901545390586
early	chr2	18014603	chr2	21211182	3196579	Inversion	INVh2h	1.02314236950431	0.8460901545390586
early	chr2	194956628	chr2	195932978	976350	Inversion	INVh2h	0.8483341007940381	0.7840793947112151
early	chr2	20872435	chr2	65965672	45093237	Inversion	INVh2h	0.884859087776095	0.1573750119930345
late	chr2	229967958	chr2	230339081	371123	Inversion	INVh2h	1.1531511879440262	0.9802861173288896
early	chr2	62618993	chr2	63704887	1085894	Inversion	INVh2h	0.87531334196287	0.8596486223114512
early	chr2	62618996	chr2	120082694	57463698	Inversion	INVh2h	0.825325740280631	0.11660995735330877
early	chr2	62618996	chr2	65965655	3346659	Inversion	INVh2h	0.8775472816193314	0.20251283834894437
early	chr2	72704902	chr2	240547937	167843035	Inversion	INVh2h	0.9217659974907548	0.11660995735330877
early	chr2	76907917	chr2	132234760	55326843	Inversion	INVh2h	0.798825754103095	0.11660995735330877
early	chr2	76907917	chr2	77757190	849273	Inversion	INVh2h	0.9916266977451571	0.9916266977451571
early	chr3	109762718	chr3	116746415	6983697	Inversion	INVh2h	0.8495027607140154	0.17661730333721962
early	chr3	109762718	chr3	167132904	57370186	Inversion	INVh2h	0.8946117529707409	0.16413465223318674
early	chr3	1390978	chr3	8925485	7534507	Inversion	INVh2h	1.0833227759083048	0.45260855432947494
early	chr3	146735342	chr3	166008639	19273297	Inversion	INVh2h	0.9446747334011517	0.25972028217179655
early	chr3	153931017	chr3	155508960	1577943	Inversion	INVh2h	0.7886018275803632	0.5707719896002638
early	chr3	163432648	chr3	167132904	3700256	Inversion	INVh2h	0.9963454181111066	0.8127256808599104
early	chr3	168767032	chr3	175784292	7017260	Inversion	INVh2h	0.9411733983644236	0.47677691733365163
early	chr3	168767041	chr3	170935515	2168474	Inversion	INVh2h	0.8880069218402373	0.5581418456726343
late	chr3	29997342	chr3	65697298	35699956	Inversion	INVh2h	0.872728694191418	0.08678221886712234
late	chr3	35902957	chr3	40904997	5002040	Inversion	INVh2h	0.9278662775463073	0.08678221886712234
early	chr3	35902957	chr3	70848819	34945862	Inversion	INVh2h	0.8673559014842567	0.08678221886712234
early	chr3	40904994	chr3	41644780	739786	Inversion	INVh2h	1.0963154212081745	0.9838437704564439
early	chr3	40904997	chr3	109458526	68553529	Inversion	INVh2h	0.8597224785184606	0.12303977164794862
early	chr3	40904997	chr3	84812352	43907355	Inversion	INVh2h	0.8580182903191342	0.12303977164794862
early	chr3	4919975	chr3	23352808	18432833	Inversion	INVh2h	0.9714228963049313	0.144899279967995
early	chr3	4919975	chr3	65697298	60777323	Inversion	INVh2h	0.8986461942953159	0.08678221886712234
early	chr3	4919975	chr3	8925485	4005510	Inversion	INVh2h	1.0670230930268465	0.7036284392790778
late	chr3	4919975	chr3	8925485	4005510	Inversion	INVh2h	1.0670230930268465	0.7036284392790778
early	chr3	84812352	chr3	146735342	61922990	Inversion	INVh2h	0.8734818276364738	0.16413465223318674
early	chr4	105732268	chr4	105981645	249377	Inversion	INVh2h	0.9358290764954879	0.933253006933495
early	chr4	105981649	chr4	106712967	731318	Inversion	INVh2h	1.0089504747857432	0.9789332140255124
early	chr4	106900927	chr4	107675608	774681	Inversion	INVh2h	0.9395225545284605	0.9020582787772405
late	chr4	106900927	chr4	107675608	774681	Inversion	INVh2h	0.9395225545284605	0.9020582787772405
late	chr4	106900927	chr4	143675965	36775038	Inversion	INVh2h	0.9434124143691046	0.25674479693546964
late	chr4	133736523	chr4	135080491	1343968	Inversion	INVh2h	0.9903137186875315	0.9903137186875315
early	chr4	133736523	chr4	137915588	4179065	Inversion	INVh2h	0.918705570633386	0.8470974225792405
early	chr4	135080491	chr4	137915588	2835097	Inversion	INVh2h	0.8470974225792405	0.8470974225792405
late	chr4	135080491	chr4	170412204	35331713	Inversion	INVh2h	0.9823382755059548	0.215846433051899
early	chr4	137915588	chr4	170412204	32496616	Inversion	INVh2h	0.9847240014179782	0.215846433051899
early	chr4	142994455	chr4	143675965	681510	Inversion	INVh2h	0.9108965621075042	0.48205317092998057
early	chr4	143675965	chr4	144772115	1096150	Inversion	INVh2h	1.0786146427123722	0.9806978567307821
early	chr4	143675965	chr4	149851645	6175680	Inversion	INVh2h	0.9961804042177578	0.215846433051899
early	chr4	169497010	chr4	170412204	915194	Inversion	INVh2h	1.0085116443881055	0.9337869204434815
early	chr4	180858436	chr4	182781660	1923224	Inversion	INVh2h	1.05977559732771	1.05977559732771
early	chr4	26591912	chr4	29565308	2973396	Inversion	INVh2h	0.9363771567895707	0.9363771567895707
early	chr4	26591912	chr4	55622591	29030679	Inversion	INVh2h	0.8547954838946962	0.18505875714772707
early	chr4	40766668	chr4	42698876	1932208	Inversion	INVh2h	0.8975941310629443	0.23550285927000209
early	chr4	40766671	chr4	46753023	5986352	Inversion	INVh2h	0.8975941310629443	0.23550285927000209
early	chr4	43287246	chr4	44596643	1309397	Inversion	INVh2h	0.829025373361	0.829025373361
late	chr4	43287246	chr4	44596643	1309397	Inversion	INVh2h	0.829025373361	0.829025373361
early	chr4	43287246	chr4	48417424	5130178	Inversion	INVh2h	0.8770528443241894	0.6377422433412048
early	chr4	44596643	chr4	47352340	2755697	Inversion	INVh2h	0.9264204992840273	0.8198375815014438
early	chr4	44596643	chr4	66548669	21952026	Inversion	INVh2h	0.8030692220466742	0.14145806254012722
early	chr4	47352340	chr4	48417424	1065084	Inversion	INVh2h	0.8425519635895712	0.6377422433412048
early	chr4	56333835	chr4	67297431	10963596	Inversion	INVh2h	0.6993605242786072	0.14145806254012722
early	chr4	56333835	chr4	78273903	21940068	Inversion	INVh2h	0.8872834302737832	0.14145806254012722
early	chr4	78273903	chr4	133736523	55462620	Inversion	INVh2h	0.9236705176370688	0.15137722222277453
early	chr4	78273903	chr4	84983283	6709380	Inversion	INVh2h	0.8560008925296058	0.15137722222277453
early	chr4	84983266	chr4	90492106	5508840	Inversion	INVh2h	0.9347823237950108	0.563560461447029
early	chr4	90492106	chr4	105981649	15489543	Inversion	INVh2h	0.9259812393952237	0.3308950765976436
late	chr4	90492106	chr4	91523460	1031354	Inversion	INVh2h	0.9780350240276373	0.9780350240276373
early	chr4	90492108	chr4	91523461	1031353	Inversion	INVh2h	0.9780350240276373	0.9780350240276373
early	chr4	90492123	chr4	105981649	15489526	Inversion	INVh2h	0.9259812393952237	0.3308950765976436
early	chr4	91523461	chr4	105981649	14458188	Inversion	INVh2h	0.9259812393952237	0.3308950765976436
early	chr4	94838348	chr4	95173826	335478	Inversion	INVh2h	0.7882799820273321	0.7556424233305494
early	chr5	102674662	chr5	104359919	1685257	Inversion	INVh2h	0.9751786581971104	0.9458909580978196
early	chr5	113819398	chr5	115059773	1240375	Inversion	INVh2h	1.0343579197241444	1.0343579197241444
late	chr5	132106916	chr5	132517404	410488	Inversion	INVh2h	0.930302049426394	0.886832105274663
early	chr5	137972036	chr5	176285061	38313025	Inversion	INVh2h	0.9950250179786092	0.16504902486107792
early	chr5	176055305	chr5	176285061	229756	Inversion	INVh2h	0.7950669492954737	0.7950669492954737
late	chr5	176055305	chr5	176285061	229756	Inversion	INVh2h	0.7950669492954737	0.7950669492954737
early	chr5	26479476	chr5	32922330	6442854	Inversion	INVh2h	0.8587701842164002	0.4265772379457577
late	chr5	32922330	chr5	33572173	649843	Inversion	INVh2h	1.0840196292395152	1.0840196292395152
early	chr5	35350583	chr5	41490524	6139941	Inversion	INVh2h	0.8925975816766938	0.2511468173967379
early	chr5	36919112	chr5	37458415	539303	Inversion	INVh2h	0.3155142571746208	0.2511468173967379
early	chr5	36919114	chr5	41490523	4571409	Inversion	INVh2h	0.8709040833002429	0.2511468173967379
early	chr5	37458415	chr5	41490541	4032126	Inversion	INVh2h	0.8882180293334933	0.3274104692138711
early	chr5	51352232	chr5	78121769	26769537	Inversion	INVh2h	0.8187077214782752	0.15483998187726214
early	chr5	60559044	chr5	112542537	51983493	Inversion	INVh2h	0.8447646218397811	0.15483998187726214
late	chr5	60559044	chr5	62866711	2307667	Inversion	INVh2h	0.7800604291178488	0.31201675897552855
early	chr5	62801559	chr5	64352007	1550448	Inversion	INVh2h	0.8815978558248314	0.8602086972371323
late	chr5	62866711	chr5	132106916	69240205	Inversion	INVh2h	0.8756973573718362	0.15483998187726214
early	chr5	72580870	chr5	137972036	65391166	Inversion	INVh2h	0.9030803153383333	0.15483998187726214
early	chr5	88796226	chr5	89737297	941071	Inversion	INVh2h	0.7309864713393456	0.7309864713393456
late	chr5	88796226	chr5	89737314	941088	Inversion	INVh2h	0.7309864713393456	0.7309864713393456
early	chr5	88796226	chr5	90819004	2022778	Inversion	INVh2h	0.8662675137404758	0.7309864713393456
early	chr5	88796226	chr5	92196057	3399831	Inversion	INVh2h	0.8816461779581269	0.7309864713393456
early	chr5	88796226	chr5	92196058	3399832	Inversion	INVh2h	0.8816461779581269	0.7309864713393456
early	chr5	89737297	chr5	90819004	1081707	Inversion	INVh2h	0.8816461779581269	0.8508888495228248
early	chr5	89737297	chr5	99560350	9823053	Inversion	INVh2h	0.90387225459271	0.20728992265137078
early	chr5	90819004	chr5	92196058	1377054	Inversion	INVh2h	1.1411976071428058	1.1411976071428058
early	chr5	90819004	chr5	99560350	8741346	Inversion	INVh2h	0.9065327658497191	0.20728992265137078
early	chr5	90926221	chr5	92196058	1269837	Inversion	INVh2h	1.1411976071428058	1.1411976071428058
early	chr5	90926221	chr5	99560350	8634129	Inversion	INVh2h	0.9065327658497191	0.20728992265137078
early	chr5	99560333	chr5	120488234	20927901	Inversion	INVh2h	0.9447346087755294	0.17708238261235254
late	chr6	102725544	chr6	115124814	12399270	Inversion	INVh2h	0.8568959883294741	0.13889478255126025
early	chr6	115124814	chr6	116346193	1221379	Inversion	INVh2h	0.8734094616260292	0.8009298900673313
early	chr6	133023308	chr6	133471681	448373	Inversion	INVh2h	0.9954566374733725	0.9954566374733725
early	chr6	70064054	chr6	70785876	721822	Inversion	INVh2h	0.8862171488382178	0.8086724834029875
early	chr6	70785875	chr6	141973095	71187220	Inversion	INVh2h	0.9159237213474819	0.13889478255126025
early	chr6	70785875	chr6	72573575	1787700	Inversion	INVh2h	0.8534240515517084	0.8250964426918853
early	chr6	70785875	chr6	93035581	22249706	Inversion	INVh2h	0.8673305382797664	0.16237473710805087
early	chr6	70785876	chr6	141973095	71187219	Inversion	INVh2h	0.9159237213474819	0.13889478255126025
early	chr6	70785876	chr6	72573575	1787699	Inversion	INVh2h	0.8534240515517084	0.8250964426918853
early	chr6	70785876	chr6	93035581	22249705	Inversion	INVh2h	0.8673305382797664	0.16237473710805087
early	chr6	74029407	chr6	98010742	23981335	Inversion	INVh2h	0.8778990677741222	0.17290708022561752
early	chr6	80494861	chr6	93634194	13139333	Inversion	INVh2h	0.8746324467355128	0.17290708022561752
early	chr6	83800334	chr6	93634194	9833860	Inversion	INVh2h	0.8746324467355128	0.17290708022561752
early	chr6	85310612	chr6	86924732	1614120	Inversion	INVh2h	0.9240022104152681	0.7410903646535436
early	chr6	88257174	chr6	141973095	53715921	Inversion	INVh2h	0.9452978723399934	0.13889478255126025
early	chr6	88409946	chr6	88644426	234480	Inversion	INVh2h	0.17290708022561752	0.17290708022561752
early	chr6	93634177	chr6	99042617	5408440	Inversion	INVh2h	0.9130345482708735	0.22723090689567427
early	chr7	136111449	chr7	141982674	5871225	Inversion	INVh2h	0.9689891698634365	0.3691659655222744
late	chr7	136111449	chr7	141982674	5871225	Inversion	INVh2h	0.9689891698634365	0.3691659655222744
early	chr7	141064607	chr7	143162820	2098213	Inversion	INVh2h	1.0532857997694736	0.5735619455517212
early	chr7	141982674	chr7	143162803	1180129	Inversion	INVh2h	1.1204715760373203	1.0226838444945245
early	chr7	141982674	chr7	147845184	5862510	Inversion	INVh2h	1.0836047772311386	0.4998193742181274
late	chr7	147322664	chr7	147845201	522537	Inversion	INVh2h	1.0836047772311386	1.0836047772311386
early	chr7	18137894	chr7	30639400	12501506	Inversion	INVh2h	0.9025160545810942	0.29354184738382677
early	chr7	18137894	chr7	34202826	16064932	Inversion	INVh2h	0.9025160545810942	0.29354184738382677
early	chr7	18137894	chr7	54308617	36170723	Inversion	INVh2h	0.8950267761923159	0.17762287550098668
early	chr7	30639400	chr7	34202826	3563426	Inversion	INVh2h	0.9076955406004209	0.3198869462157625
early	chr7	8300702	chr7	18137894	9837192	Inversion	INVh2h	0.9336916174838548	0.5753105050953509
early	chr7	91217683	chr7	102784258	11566575	Inversion	INVh2h	0.9041149982679508	0.15067255979021676
early	chr8	119161986	chr8	126983091	7821105	Inversion	INVh2h	0.994372975296572	0.15720634397023195
early	chr8	121027615	chr8	122247854	1220239	Inversion	INVh2h	1.0680325521216594	1.0680325521216594
early	chr8	23647781	chr8	27552007	3904226	Inversion	INVh2h	0.9703872115392644	0.454917851226729
late	chr8	24451239	chr8	33700810	9249571	Inversion	INVh2h	0.9006502366682139	0.2045427922436117
early	chr8	27551990	chr8	36487228	8935238	Inversion	INVh2h	0.8691644008015742	0.2045427922436117
early	chr8	27551990	chr8	43309876	15757886	Inversion	INVh2h	0.8643863008103291	0.18633429949564587
early	chr8	27551990	chr8	46630295	19078305	Inversion	INVh2h	0.8643863008103291	0.18633429949564587
early	chr8	34543794	chr8	75281807	40738013	Inversion	INVh2h	0.8623101274319491	0.13756001715430036
early	chr8	36487228	chr8	43309876	6822648	Inversion	INVh2h	0.8623077156118248	0.18633429949564587
early	chr8	40140791	chr8	119161986	79021195	Inversion	INVh2h	0.886579590166319	0.08571569565995699
early	chr8	43309876	chr8	48336550	5026674	Inversion	INVh2h	0.7076811802013792	0.2441554648822678
early	chr8	43309876	chr8	71744100	28434224	Inversion	INVh2h	0.8574589871752798	0.13756001715430036
late	chr8	43309876	chr8	94123923	50814047	Inversion	INVh2h	0.8913659935858211	0.13756001715430036
early	chr8	62280960	chr8	119162003	56881043	Inversion	INVh2h	0.9166854603547288	0.08571569565995699
early	chr8	75281807	chr8	76108907	827100	Inversion	INVh2h	0.8583168083772991	0.8583168083772991
early	chr8	75281807	chr8	77943941	2662134	Inversion	INVh2h	1.1607329473283872	0.8583168083772991
late	chr8	75281807	chr8	77943941	2662134	Inversion	INVh2h	1.1607329473283872	0.8583168083772991
early	chr8	75281807	chr8	79985850	4704043	Inversion	INVh2h	0.9214715122349978	0.3779246232680333
early	chr8	75281807	chr8	88900486	13618679	Inversion	INVh2h	0.9492137465757389	0.3779246232680333
late	chr8	76108907	chr8	77943941	1835034	Inversion	INVh2h	1.1806663071934898	1.1607329473283872
early	chr8	77943941	chr8	79985850	2041909	Inversion	INVh2h	0.9143847590537106	0.3779246232680333
early	chr8	79985850	chr8	98617887	18632037	Inversion	INVh2h	0.9445413217089288	0.08571569565995699
early	chr8	90395974	chr8	119161986	28766012	Inversion	INVh2h	0.9158588558283774	0.08571569565995699
early	chr8	90395974	chr8	126983091	36587117	Inversion	INVh2h	0.9251628067830153	0.08571569565995699
early	chr9	19707330	chr9	31553033	11845703	Inversion	INVh2h	1.0234342122977005	0.8288997747856277
early	chr9	26835581	chr9	72451161	45615580	Inversion	INVh2h	0.8164006012915119	0.17826418453137832
early	chr9	26835581	chr9	92217848	65382267	Inversion	INVh2h	0.8444050219513868	0.12896353811712144
early	chr9	72451161	chr9	95701016	23249855	Inversion	INVh2h	0.9031491401171428	0.12896353811712144
early	chr9	8105317	chr9	79497143	71391826	Inversion	INVh2h	0.8722232629670592	0.17826418453137832
early	chr9	86393539	chr9	120428681	34035142	Inversion	INVh2h	0.9273143714596801	0.17005693192050964
early	chrX	126386707	chrX	130520815	4134108	Inversion	INVh2h	1.1207010952837357	0.323383312125278
late	chrX	129856234	chrX	136442861	6586627	Inversion	INVh2h	1.0881517001902823	0.323383312125278
late	chrX	129856234	chrX	137077312	7221078	Inversion	INVh2h	1.0953526159254308	0.323383312125278
early	chrX	130520815	chrX	131582150	1061335	Inversion	INVh2h	1.164341882533336	1.1035725194037849
late	chrX	130520815	chrX	131582150	1061335	Inversion	INVh2h	1.164341882533336	1.1035725194037849
early	chrX	136442861	chrX	137077312	634451	Inversion	INVh2h	1.1090267543372712	0.45863329280564297
early	chrX	137077310	chrX	140237751	3160441	Inversion	INVh2h	1.1333207143593351	1.0525804438444357
early	chrX	137077312	chrX	155302168	18224856	Inversion	INVh2h	1.1145599141306815	0.14153849537152327
late	chrX	21343135	chrX	25773374	4430239	Inversion	INVh2h	1.0691385125934973	0.3108033064699687
early	chrX	25773374	chrX	26491311	717937	Inversion	INVh2h	1.1956871809842466	1.1547433860673713
late	chrX	25773374	chrX	26491311	717937	Inversion	INVh2h	1.1956871809842466	1.1547433860673713
early	chrX	25773374	chrX	31534060	5760686	Inversion	INVh2h	1.1462058075587045	0.7229967028270092
early	chrX	26491311	chrX	31534060	5042749	Inversion	INVh2h	1.0946554951255243	0.7229967028270092
early	chrX	26491311	chrX	37772172	11280861	Inversion	INVh2h	1.149449876078611	0.7229967028270092
early	chrX	26491311	chrX	41812163	15320852	Inversion	INVh2h	1.1243308693839251	0.22736101304670053
early	chrX	31534060	chrX	70601442	39067382	Inversion	INVh2h	1.0743326425198039	0.19437637595934765
early	chrX	51993889	chrX	55808658	3814769	Inversion	INVh2h	1.1197824029558288	0.19437637595934765
early	chrX	55612977	chrX	55808658	195681	Inversion	INVh2h	1.1854918130859915	1.1316891342025799
early	chrX	55808641	chrX	56433792	625151	Inversion	INVh2h	1.1785428028582408	1.1785428028582408
early	chrX	55808641	chrX	97512098	41703457	Inversion	INVh2h	1.0447390255752147	0.2744822309166522
early	chrX	57866717	chrX	58478164	611447	Inversion	INVh2h	1.074345425612097	1.074345425612097
early	chrX	58478164	chrX	70842055	12363891	Inversion	INVh2h	1.0052313072273005	0.3478118547197076
late	chrX	63862966	chrX	104548461	40685495	Inversion	INVh2h	1.073018051563218	0.2744822309166522
early	chrX	68220355	chrX	70601442	2381087	Inversion	INVh2h	1.0047725144763484	0.432416102231861
early	chrX	68220355	chrX	70842055	2621700	Inversion	INVh2h	1.0047725144763484	0.432416102231861
late	chrX	68220355	chrX	78192413	9972058	Inversion	INVh2h	0.9889365856634006	0.2744822309166522
early	chrX	70601442	chrX	70842055	240613	Inversion	INVh2h	1.1913355111712853	1.1913355111712853
early	chrX	70601442	chrX	81030399	10428957	Inversion	INVh2h	1.0077898295139809	0.2744822309166522
late	chrX	70601443	chrX	70842055	240612	Inversion	INVh2h	1.1913355111712853	1.1913355111712853
early	chrX	75928521	chrX	81030399	5101878	Inversion	INVh2h	1.1026660638236694	0.33072809402408604
late	chrX	81030399	chrX	81687494	657095	Inversion	INVh2h	1.1816108992791208	1.1617803919781133
early	chrX	86558528	chrX	155302185	68743657	Inversion	INVh2h	1.1168237408218364	0.14153849537152327
early	chrX	97512098	chrX	97580775	68677	Inversion	INVh2h	1.049898049074344	1.049898049074344
early	chr10	109798118	chr10	115755758	5957640	Inversion	INVt2t	0.9754397355362219	0.15037558781609575
early	chr10	22126500	chr10	23847324	1720824	Inversion	INVt2t	1.0758068229980946	0.7098508478666
late	chr10	22126500	chr10	23847324	1720824	Inversion	INVt2t	1.0758068229980946	0.7098508478666
early	chr10	22126500	chr10	90156040	68029540	Inversion	INVt2t	0.9063716006682654	0.16235603660726455
early	chr10	74220444	chr10	95150932	20930488	Inversion	INVt2t	0.9341845743124664	0.245999292422111
early	chr10	82346654	chr10	109798118	27451464	Inversion	INVt2t	0.9151780877672829	0.2573509815176523
early	chr10	82346654	chr10	115755760	33409106	Inversion	INVt2t	0.9270980020406553	0.15037558781609575
late	chr10	90156039	chr10	115755758	25599719	Inversion	INVt2t	0.9245339267926402	0.15037558781609575
late	chr10	93538815	chr10	98545228	5006413	Inversion	INVt2t	0.938891365172109	0.32025401039386947
late	chr10	95150939	chr10	98545228	3394289	Inversion	INVt2t	0.938891365172109	0.32025401039386947
late	chr11	18899726	chr11	26968554	8068828	Inversion	INVt2t	0.945368340106802	0.19281328553118013
early	chr11	26117066	chr11	26968556	851490	Inversion	INVt2t	1.0544550585558492	0.9995889518779066
early	chr11	32943839	chr11	63346998	30403159	Inversion	INVt2t	0.8530023543964991	0.14882714007418335
early	chr11	34761423	chr11	87620739	52859316	Inversion	INVt2t	0.8233405599767682	0.14882714007418335
early	chr11	60154652	chr11	85429202	25274550	Inversion	INVt2t	0.7969476754934546	0.15546684189416446
early	chr11	6120016	chr11	6908139	788123	Inversion	INVt2t	1.0194104058149251	0.2181831986031879
early	chr11	63346998	chr11	67867291	4520293	Inversion	INVt2t	0.7674041377973783	0.20121147878629117
early	chr11	63346998	chr11	87620739	24273741	Inversion	INVt2t	0.7965627256866271	0.15546684189416446
early	chr11	85545577	chr11	87620739	2075162	Inversion	INVt2t	0.8881344473754571	0.3884454303294852
early	chr11	86827082	chr11	87620739	793657	Inversion	INVt2t	1.0015850370979393	0.973584119493281
early	chr11	86827082	chr11	89315843	2488761	Inversion	INVt2t	0.9787932971093782	0.9279516138324011
early	chr12	1943363	chr12	64199026	62255663	Inversion	INVt2t	0.8889109964600608	0.14904415097038853
late	chr12	21085046	chr12	30435093	9350047	Inversion	INVt2t	0.8940928178683679	0.2428196978915221
early	chr12	21085047	chr12	30435093	9350046	Inversion	INVt2t	0.8940928178683679	0.2428196978915221
early	chr12	28763532	chr12	38535717	9772185	Inversion	INVt2t	0.842626358466581	0.14904415097038853
early	chr12	34074578	chr12	48575891	14501313	Inversion	INVt2t	0.8796139292038219	0.45717247883865464
early	chr12	42898433	chr12	58111871	15213438	Inversion	INVt2t	0.8366921496330807	0.194894020718512
early	chr12	59466816	chr12	83789927	24323111	Inversion	INVt2t	0.8919384564106172	0.17419330075928321
early	chr12	80125627	chr12	80246752	121125	Inversion	INVt2t	0.8845420895219678	0.8845420895219678
late	chr12	80125627	chr12	80246752	121125	Inversion	INVt2t	0.8845420895219678	0.8845420895219678
early	chr12	80125643	chr12	80522952	397309	Inversion	INVt2t	0.8845420895219678	0.8845420895219678
early	chr12	80246752	chr12	83789927	3543175	Inversion	INVt2t	0.840439197507772	0.42738996991133754
early	chr13	50472233	chr13	50554616	82383	Inversion	INVt2t	1.0536117968137635	1.0536117968137635
late	chr13	50472233	chr13	50554616	82383	Inversion	INVt2t	1.0536117968137635	1.0536117968137635
early	chr14	42970116	chr14	44554140	1584024	Inversion	INVt2t	1.021423045618845	1.021423045618845
early	chr14	66584977	chr14	66834844	249867	Inversion	INVt2t	0.7497345081802482	0.7497345081802482
early	chr14	66834844	chr14	87778047	20943203	Inversion	INVt2t	0.9056985111268869	0.19569131173447296
early	chr15	35337035	chr15	36684668	1347633	Inversion	INVt2t	0.5333536840084095	0.5333536840084095
early	chr15	70732568	chr15	73534604	2802036	Inversion	INVt2t	0.6577269457911874	0.2755007277746912
early	chr15	77322703	chr15	78611145	1288442	Inversion	INVt2t	0.7436480265294517	0.148330854186226
late	chr15	78611145	chr15	78723251	112106	Inversion	INVt2t	0.6528041921796803	0.5470133132594355
early	chr16	47441253	chr16	47913422	472169	Inversion	INVt2t	0.8614674872276891	0.6645553021313978
early	chr17	29898704	chr17	64364400	34465696	Inversion	INVt2t	0.813401989722743	0.12684104055240317
early	chr18	15369556	chr18	32230509	16860953	Inversion	INVt2t	0.887267783123592	0.26037060243706317
early	chr18	22888933	chr18	35763805	12874872	Inversion	INVt2t	0.889932167417027	0.3094888344893606
early	chr18	22888933	chr18	35763822	12874889	Inversion	INVt2t	0.889932167417027	0.3094888344893606
early	chr18	3737195	chr18	22888933	19151738	Inversion	INVt2t	0.9122393422984755	0.1423485701684147
early	chr18	3737195	chr18	5007564	1270369	Inversion	INVt2t	0.9986192276233835	0.9986192276233835
early	chr18	4474736	chr18	9168308	4693572	Inversion	INVt2t	0.9754928901860276	0.34968446942578724
early	chr18	45811336	chr18	70717846	24906510	Inversion	INVt2t	0.9906174810497317	0.2566882013139413
early	chr18	4650014	chr18	15369556	10719542	Inversion	INVt2t	0.9209107612147953	0.1423485701684147
early	chr18	4650014	chr18	32230509	27580495	Inversion	INVt2t	0.8930117542315698	0.1423485701684147
early	chr1	104937734	chr1	119153867	14216133	Inversion	INVt2t	0.7934255047875203	0.16209359341100313
early	chr1	125018615	chr1	171376992	46358377	Inversion	INVt2t	0.8667137009862812	0.1296940324332096
early	chr1	152550381	chr1	166313472	13763091	Inversion	INVt2t	0.8827573657304232	0.1296940324332096
early	chr1	171376992	chr1	172233464	856472	Inversion	INVt2t	0.9191175181055861	0.6750424626748515
early	chr1	171376992	chr1	187601107	16224115	Inversion	INVt2t	0.9108941238441655	0.1461414792844308
early	chr1	198312027	chr1	199883536	1571509	Inversion	INVt2t	1.0756949041458297	0.8638839219585577
early	chr1	50863792	chr1	50888954	25162	Inversion	INVt2t	0.8354715247039675	0.8354715247039675
early	chr1	50888953	chr1	104937734	54048781	Inversion	INVt2t	0.9102159112375442	0.1115428321733305
early	chr1	50888953	chr1	52173591	1284638	Inversion	INVt2t	0.8359299211271303	0.1757624414426766
early	chr1	50888953	chr1	58375771	7486818	Inversion	INVt2t	0.8722043622019142	0.1115428321733305
early	chr1	52173591	chr1	238039702	185866111	Inversion	INVt2t	0.894467867798683	0.1115428321733305
early	chr1	66783735	chr1	68998006	2214271	Inversion	INVt2t	0.9742501941436851	0.4820586774863946
late	chr1	66783735	chr1	68998006	2214271	Inversion	INVt2t	0.9742501941436851	0.4820586774863946
early	chr1	66783735	chr1	71122428	4338693	Inversion	INVt2t	0.9689577725025341	0.2884761652107883
early	chr1	68998006	chr1	125018615	56020609	Inversion	INVt2t	0.8388384147176793	0.1541381177613675
early	chr1	68998006	chr1	71122428	2124422	Inversion	INVt2t	0.8998096706867345	0.2884761652107883
late	chr1	83687105	chr1	85827515	2140410	Inversion	INVt2t	0.8476289189498669	0.24207854859662797
early	chr1	85827515	chr1	100634828	14807313	Inversion	INVt2t	0.9136474812318137	0.27752396752778674
early	chr1	98214642	chr1	100634828	2420186	Inversion	INVt2t	0.9187411780690171	0.3668639403909376
early	chr21	15917170	chr21	17750664	1833494	Inversion	INVt2t	0.8780772900108313	0.7662528983938819
early	chr2	118139583	chr2	120082694	1943111	Inversion	INVt2t	0.8750476178727109	0.7127094793071846
early	chr2	120082694	chr2	201592570	81509876	Inversion	INVt2t	0.9278124651971899	0.15416293931924374
early	chr2	132234760	chr2	158354652	26119892	Inversion	INVt2t	0.9110537740072662	0.22392840224848765
early	chr2	135415531	chr2	210448912	75033381	Inversion	INVt2t	0.9585581763406692	0.12851269573222002
early	chr2	139308640	chr2	143664991	4356351	Inversion	INVt2t	0.9056306691968738	0.8300382064553612
early	chr2	139308640	chr2	147770040	8461400	Inversion	INVt2t	0.9634563754425736	0.8300382064553612
early	chr2	139308640	chr2	172318706	33010066	Inversion	INVt2t	0.9398988657977462	0.19202525106342783
early	chr2	139308640	chr2	182215840	42907200	Inversion	INVt2t	0.9291595169025865	0.19202525106342783
early	chr2	143664991	chr2	147770040	4105049	Inversion	INVt2t	1.019836683700066	0.9634563754425736
late	chr2	143664991	chr2	147770057	4105066	Inversion	INVt2t	1.019836683700066	0.9634563754425736
late	chr2	143664991	chr2	157371958	13706967	Inversion	INVt2t	0.9438588466216278	0.22392840224848765
early	chr2	143664992	chr2	158354635	14689643	Inversion	INVt2t	0.9423411685689437	0.22392840224848765
early	chr2	16596319	chr2	18014602	1418283	Inversion	INVt2t	0.9934162656555348	0.40740590776796076
early	chr2	169310790	chr2	173529881	4219091	Inversion	INVt2t	0.8639047478297365	0.19202525106342783
early	chr2	169310790	chr2	174407048	5096258	Inversion	INVt2t	0.8615156509348594	0.19202525106342783
early	chr2	171643865	chr2	174407048	2763183	Inversion	INVt2t	0.8906404136321736	0.19202525106342783
early	chr2	172318706	chr2	174271872	1953166	Inversion	INVt2t	0.9108412142673135	0.5498072591083386
early	chr2	173529881	chr2	174407048	877167	Inversion	INVt2t	0.8583163300457722	0.5374317081048969
early	chr2	174407048	chr2	185844321	11437273	Inversion	INVt2t	0.9103044638996507	0.27626083835351367
early	chr2	178969178	chr2	182215840	3246662	Inversion	INVt2t	0.9099989797346257	0.3040368471550199
early	chr2	18014602	chr2	21211164	3196562	Inversion	INVt2t	1.02314236950431	0.8460901545390586
early	chr2	18014602	chr2	21211165	3196563	Inversion	INVt2t	1.02314236950431	0.8460901545390586
late	chr2	18014602	chr2	21211165	3196563	Inversion	INVt2t	1.02314236950431	0.8460901545390586
early	chr2	18014602	chr2	65965655	47951053	Inversion	INVt2t	0.8921191837505131	0.1573750119930345
early	chr2	182215840	chr2	210448928	28233088	Inversion	INVt2t	0.9840710867501948	0.12851269573222002
early	chr2	182215840	chr2	210448929	28233089	Inversion	INVt2t	0.9840710867501948	0.12851269573222002
early	chr2	206929950	chr2	210448929	3518979	Inversion	INVt2t	1.0592531946391583	0.12851269573222002
early	chr2	49084919	chr2	76907917	27822998	Inversion	INVt2t	0.8531567216263414	0.1360720037528986
early	chr2	62618996	chr2	228231617	165612621	Inversion	INVt2t	0.8971598723829091	0.11660995735330877
early	chr2	62618996	chr2	65965655	3346659	Inversion	INVt2t	0.8775472816193314	0.20251283834894437
late	chr2	62618996	chr2	65965655	3346659	Inversion	INVt2t	0.8775472816193314	0.20251283834894437
early	chr2	62618996	chr2	76347758	13728762	Inversion	INVt2t	0.845518492759148	0.1360720037528986
early	chr2	75329735	chr2	77757173	2427438	Inversion	INVt2t	0.8577601220166267	0.42972341836354266
early	chr2	76907917	chr2	77757173	849256	Inversion	INVt2t	0.9916266977451571	0.9916266977451571
early	chr2	77757190	chr2	132234743	54477553	Inversion	INVt2t	0.7976692043977033	0.11660995735330877
early	chr3	109510791	chr3	158197090	48686299	Inversion	INVt2t	0.8895465736250323	0.16413465223318674
late	chr3	110120244	chr3	146735342	36615098	Inversion	INVt2t	0.8742988880296934	0.16413465223318674
late	chr3	110120544	chr3	146735642	36615098	Inversion	INVt2t	0.8742988880296934	0.16413465223318674
early	chr3	131628486	chr3	132809681	1181195	Inversion	INVt2t	0.8743897221620884	0.5887254045631943
early	chr3	132809681	chr3	133146553	336872	Inversion	INVt2t	0.8436743819320981	0.8436743819320981
early	chr3	1390978	chr3	65697301	64306323	Inversion	INVt2t	0.9005428520063331	0.08678221886712234
early	chr3	146735342	chr3	166629319	19893977	Inversion	INVt2t	0.9446747334011517	0.25972028217179655
early	chr3	158197090	chr3	166629319	8432229	Inversion	INVt2t	0.9384168460351843	0.2598768380342299
early	chr3	163432648	chr3	167132904	3700256	Inversion	INVt2t	0.9963454181111066	0.8127256808599104
early	chr3	166629319	chr3	168767041	2137722	Inversion	INVt2t	1.0254532038672879	0.7782026547380628
early	chr3	167132904	chr3	167278674	145770	Inversion	INVt2t	1.027362246766869	1.027362246766869
early	chr3	23352808	chr3	86096500	62743692	Inversion	INVt2t	0.8755371546332262	0.08678221886712234
late	chr3	29997342	chr3	65697298	35699956	Inversion	INVt2t	0.872728694191418	0.08678221886712234
early	chr3	4919975	chr3	8925485	4005510	Inversion	INVt2t	1.0670230930268465	0.7036284392790778
early	chr3	6487499	chr3	40904997	34417498	Inversion	INVt2t	0.9453611350011728	0.08678221886712234
early	chr3	65697298	chr3	86300575	20603277	Inversion	INVt2t	0.8541092237257023	0.3621047828886269
early	chr3	70848821	chr3	109510791	38661970	Inversion	INVt2t	0.8692403615305151	0.22828595461275783
early	chr3	70848821	chr3	84812352	13963531	Inversion	INVt2t	0.8739932188836254	0.3621047828886269
early	chr3	8925485	chr3	23352808	14427323	Inversion	INVt2t	0.9648543625169311	0.144899279967995
early	chr4	105981649	chr4	122942222	16960573	Inversion	INVt2t	0.9634378968175871	0.276731093432234
early	chr4	106900927	chr4	107675608	774681	Inversion	INVt2t	0.9395225545284605	0.9020582787772405
late	chr4	106900927	chr4	142994455	36093528	Inversion	INVt2t	0.9438410048848316	0.25674479693546964
early	chr4	122496475	chr4	143675948	21179473	Inversion	INVt2t	0.9213567722449165	0.25674479693546964
early	chr4	133736523	chr4	135080491	1343968	Inversion	INVt2t	0.9903137186875315	0.9903137186875315
early	chr4	133736523	chr4	137915588	4179065	Inversion	INVt2t	0.918705570633386	0.8470974225792405
early	chr4	135080491	chr4	137915588	2835097	Inversion	INVt2t	0.8470974225792405	0.8470974225792405
early	chr4	142994455	chr4	143675965	681510	Inversion	INVt2t	0.9108965621075042	0.48205317092998057
early	chr4	143103699	chr4	143675948	572249	Inversion	INVt2t	0.9108965621075042	0.48205317092998057
early	chr4	143675965	chr4	164354187	20678222	Inversion	INVt2t	1.0097100865569875	0.215846433051899
early	chr4	164245032	chr4	170434860	6189828	Inversion	INVt2t	0.9871097273300017	0.876389864084011
early	chr4	167861331	chr4	170434843	2573512	Inversion	INVt2t	0.9770593849467224	0.9235815593461176
early	chr4	21162829	chr4	48417424	27254595	Inversion	INVt2t	0.8803500696252419	0.12806628314989274
early	chr4	23618212	chr4	26591912	2973700	Inversion	INVt2t	0.8990230316161146	0.12806628314989274
early	chr4	26591912	chr4	29565291	2973379	Inversion	INVt2t	0.9363771567895707	0.9363771567895707
early	chr4	37313217	chr4	90492106	53178889	Inversion	INVt2t	0.8840096590926328	0.14145806254012722
early	chr4	40766671	chr4	42698876	1932205	Inversion	INVt2t	0.8975941310629443	0.23550285927000209
early	chr4	44596643	chr4	47352340	2755697	Inversion	INVt2t	0.9264204992840273	0.8198375815014438
early	chr4	44604110	chr4	47352340	2748230	Inversion	INVt2t	0.9264204992840273	0.8198375815014438
early	chr4	46753006	chr4	144247066	97494060	Inversion	INVt2t	0.9072874628643086	0.14145806254012722
early	chr4	47352340	chr4	48417424	1065084	Inversion	INVt2t	0.8425519635895712	0.6377422433412048
early	chr4	48417424	chr4	111381464	62964040	Inversion	INVt2t	0.892443728824944	0.14145806254012722
late	chr4	84760393	chr4	84983266	222873	Inversion	INVt2t	0.87021529247803	0.87021529247803
early	chr4	90492106	chr4	91523463	1031357	Inversion	INVt2t	0.9780350240276373	0.9780350240276373
late	chr4	90492106	chr4	91523463	1031357	Inversion	INVt2t	0.9780350240276373	0.9780350240276373
early	chr5	113931829	chr5	114917255	985426	Inversion	INVt2t	1.0343579197241444	1.0343579197241444
late	chr5	132106916	chr5	132517387	410471	Inversion	INVt2t	0.930302049426394	0.886832105274663
early	chr5	133183310	chr5	158441384	25258074	Inversion	INVt2t	0.9771434693894164	0.16504902486107792
early	chr5	137540864	chr5	137972036	431172	Inversion	INVt2t	0.988662720717091	0.9665675178781299
early	chr5	16653984	chr5	37458415	20804431	Inversion	INVt2t	0.9277094548270746	0.1820318159226867
late	chr5	176055305	chr5	176285061	229756	Inversion	INVt2t	0.7950669492954737	0.7950669492954737
early	chr5	33098499	chr5	37458415	4359916	Inversion	INVt2t	0.9390058539052891	0.1820318159226867
early	chr5	36919114	chr5	37458415	539301	Inversion	INVt2t	0.3155142571746208	0.2511468173967379
early	chr5	36919114	chr5	50598699	13679585	Inversion	INVt2t	0.8185347428408585	0.2344713152120564
early	chr5	44671940	chr5	60559044	15887104	Inversion	INVt2t	0.833598070260229	0.2405579123577412
early	chr5	60559044	chr5	121067649	60508605	Inversion	INVt2t	0.8518442503832011	0.15483998187726214
late	chr5	60559044	chr5	62866711	2307667	Inversion	INVt2t	0.7800604291178488	0.31201675897552855
early	chr5	72580869	chr5	132106916	59526047	Inversion	INVt2t	0.8912754344680835	0.15483998187726214
early	chr5	78121769	chr5	176285061	98163292	Inversion	INVt2t	0.9606063428540209	0.16504902486107792
early	chr5	82453830	chr5	99560333	17106503	Inversion	INVt2t	0.8816461779581269	0.20728992265137078
early	chr5	88796228	chr5	90926221	2129993	Inversion	INVt2t	0.8662675137404758	0.7309864713393456
early	chr5	89737297	chr5	90819004	1081707	Inversion	INVt2t	0.8816461779581269	0.8508888495228248
early	chr5	89737297	chr5	90926221	1188924	Inversion	INVt2t	0.8816461779581269	0.8508888495228248
early	chr5	89737297	chr5	92196058	2458761	Inversion	INVt2t	0.9284463765723565	0.8508888495228248
early	chr5	90819004	chr5	92196058	1377054	Inversion	INVt2t	1.1411976071428058	1.1411976071428058
early	chr5	90926221	chr5	92196058	1269837	Inversion	INVt2t	1.1411976071428058	1.1411976071428058
early	chr5	92196058	chr5	99560333	7364275	Inversion	INVt2t	0.90387225459271	0.20728992265137078
late	chr6	102725544	chr6	115124797	12399253	Inversion	INVt2t	0.8568959883294741	0.13889478255126025
late	chr6	104062029	chr6	104873106	811077	Inversion	INVt2t	0.6261156701821845	0.6261156701821845
early	chr6	104492832	chr6	105719674	1226842	Inversion	INVt2t	0.9172001627332633	0.39168835083853576
early	chr6	133023308	chr6	133471681	448373	Inversion	INVt2t	0.9954566374733725	0.9954566374733725
early	chr6	22462334	chr6	80494861	58032527	Inversion	INVt2t	0.9004523949708663	0.11462359307802272
early	chr6	45179302	chr6	115124797	69945495	Inversion	INVt2t	0.889097426380638	0.13889478255126025
late	chr6	49390315	chr6	115124814	65734499	Inversion	INVt2t	0.8808843113518907	0.13889478255126025
late	chr6	64094344	chr6	66654440	2560096	Inversion	INVt2t	0.9849209907801735	0.9849209907801735
early	chr6	70785875	chr6	72573575	1787700	Inversion	INVt2t	0.8534240515517084	0.8250964426918853
early	chr6	70785876	chr6	72573575	1787699	Inversion	INVt2t	0.8534240515517084	0.8250964426918853
late	chr6	80494861	chr6	104062029	23567168	Inversion	INVt2t	0.8746324467355128	0.17290708022561752
early	chr6	82499030	chr6	133023308	50524278	Inversion	INVt2t	0.9257919317880796	0.13889478255126025
early	chr6	86924732	chr6	88409946	1485214	Inversion	INVt2t	0.8390001342705393	0.17389880212382716
early	chr6	87325862	chr6	88523796	1197934	Inversion	INVt2t	0.7924259698690567	0.17389880212382716
early	chr6	88409946	chr6	93035581	4625635	Inversion	INVt2t	0.8550418242137185	0.17290708022561752
early	chr6	93634177	chr6	98010725	4376548	Inversion	INVt2t	0.9163456463503963	0.22723090689567427
late	chr6	98010725	chr6	104062029	6051304	Inversion	INVt2t	0.8892677104081335	0.29432125902499845
late	chr6	99972150	chr6	104062029	4089879	Inversion	INVt2t	0.8598871384833637	0.6386073107375361
early	chr7	110032722	chr7	136111451	26078729	Inversion	INVt2t	0.9790772897290178	0.21927600559297625
early	chr7	110032722	chr7	141982674	31949952	Inversion	INVt2t	0.977067633424876	0.21927600559297625
early	chr7	114058493	chr7	137185049	23126556	Inversion	INVt2t	0.9806252433113929	0.21927600559297625
early	chr7	136111451	chr7	143162803	7051352	Inversion	INVt2t	1.0053428424392514	0.3691659655222744
early	chr7	136111457	chr7	153868240	17756783	Inversion	INVt2t	1.0279016727346586	0.3144500092194186
early	chr7	141982674	chr7	143162803	1180129	Inversion	INVt2t	1.1204715760373203	1.0226838444945245
late	chr7	141982674	chr7	143162803	1180129	Inversion	INVt2t	1.1204715760373203	1.0226838444945245
early	chr7	141982674	chr7	147845184	5862510	Inversion	INVt2t	1.0836047772311386	0.4998193742181274
early	chr7	143162803	chr7	147845184	4682381	Inversion	INVt2t	1.078196423420578	0.4998193742181274
late	chr7	147322664	chr7	147845184	522520	Inversion	INVt2t	1.0836047772311386	1.0836047772311386
early	chr7	18137894	chr7	147845184	129707290	Inversion	INVt2t	0.9225207130499489	0.12556904454577694
early	chr7	34202826	chr7	36555574	2352748	Inversion	INVt2t	0.893215297774861	0.4286497205574646
early	chr7	8300702	chr7	34202826	25902124	Inversion	INVt2t	0.9136447563579061	0.29354184738382677
early	chr7	86552503	chr7	91217683	4665180	Inversion	INVt2t	0.9527017354231038	0.1766126576139699
early	chr7	87043185	chr7	91217666	4174481	Inversion	INVt2t	0.9511798779878329	0.1766126576139699
early	chr8	102003454	chr8	102320497	317043	Inversion	INVt2t	0.5972215196477222	0.316577910984079
early	chr8	119161986	chr8	126983091	7821105	Inversion	INVt2t	0.994372975296572	0.15720634397023195
early	chr8	15558595	chr8	27551990	11993395	Inversion	INVt2t	0.9365421500321478	0.190403256284399
early	chr8	19933720	chr8	34543794	14610074	Inversion	INVt2t	0.9202282918481635	0.2045427922436117
early	chr8	19933720	chr8	47022166	27088446	Inversion	INVt2t	0.8948745558689327	0.18633429949564587
early	chr8	24451239	chr8	27551990	3100751	Inversion	INVt2t	0.9606159171774652	0.454917851226729
late	chr8	24451239	chr8	27551990	3100751	Inversion	INVt2t	0.9606159171774652	0.454917851226729
early	chr8	24451239	chr8	36487228	12035989	Inversion	INVt2t	0.907573332661454	0.2045427922436117
late	chr8	24451239	chr8	36487228	12035989	Inversion	INVt2t	0.907573332661454	0.2045427922436117
early	chr8	27551990	chr8	71744100	44192110	Inversion	INVt2t	0.8614158816099676	0.13756001715430036
late	chr8	36487228	chr8	40140804	3653576	Inversion	INVt2t	0.8855962756304696	0.35544988272558625
late	chr8	36487228	chr8	43309876	6822648	Inversion	INVt2t	0.8623077156118248	0.18633429949564587
late	chr8	63776772	chr8	71744100	7967328	Inversion	INVt2t	0.8574589871752798	0.2080123338580993
early	chr8	71744100	chr8	90395974	18651874	Inversion	INVt2t	0.9445413217089288	0.1403420784556229
early	chr8	75281807	chr8	112534604	37252797	Inversion	INVt2t	0.9384107965231142	0.08571569565995699
early	chr8	75281807	chr8	77943941	2662134	Inversion	INVt2t	1.1607329473283872	0.8583168083772991
late	chr8	76108907	chr8	77943924	1835017	Inversion	INVt2t	1.1806663071934898	1.1607329473283872
early	chr8	76108907	chr8	93409269	17300362	Inversion	INVt2t	0.9492137465757389	0.3779246232680333
early	chr8	76108910	chr8	77943924	1835014	Inversion	INVt2t	1.1806663071934898	1.1607329473283872
early	chr8	77943941	chr8	79985850	2041909	Inversion	INVt2t	0.9143847590537106	0.3779246232680333
early	chr8	98653907	chr8	101681484	3027577	Inversion	INVt2t	0.8939452232598002	0.4267861115687114
early	chr9	103436178	chr9	105787675	2351497	Inversion	INVt2t	0.9651940204904372	0.4500472033380673
early	chr9	105747165	chr9	105787660	40495	Inversion	INVt2t	1.1081843244430492	1.1081843244430492
late	chr9	105747165	chr9	105787660	40495	Inversion	INVt2t	1.1081843244430492	1.1081843244430492
early	chr9	17287596	chr9	23936566	6648970	Inversion	INVt2t	1.0208948886255422	0.280273071362893
late	chr9	4534636	chr9	14457924	9923288	Inversion	INVt2t	1.0134483856235046	0.13566554942905815
early	chr9	75703686	chr9	79497140	3793454	Inversion	INVt2t	0.9620914631476885	0.39329326963648453
early	chr9	79497143	chr9	105787660	26290517	Inversion	INVt2t	0.9013870365796396	0.12896353811712144
late	chr9	95701016	chr9	100799087	5098071	Inversion	INVt2t	0.883158302255412	0.17005693192050964
late	chrX	128736309	chrX	130520798	1784489	Inversion	INVt2t	1.0953526159254308	0.323383312125278
late	chrX	129856234	chrX	136442861	6586627	Inversion	INVt2t	1.0881517001902823	0.323383312125278
early	chrX	129856234	chrX	137077312	7221078	Inversion	INVt2t	1.0953526159254308	0.323383312125278
early	chrX	130520815	chrX	131582150	1061335	Inversion	INVt2t	1.164341882533336	1.1035725194037849
late	chrX	130520815	chrX	131582150	1061335	Inversion	INVt2t	1.164341882533336	1.1035725194037849
early	chrX	136442861	chrX	137077312	634451	Inversion	INVt2t	1.1090267543372712	0.45863329280564297
early	chrX	136442861	chrX	155302168	18859307	Inversion	INVt2t	1.1131059153882588	0.14153849537152327
late	chrX	23456317	chrX	55808641	32352324	Inversion	INVt2t	1.0828860598099925	0.19437637595934765
early	chrX	25773374	chrX	26491294	717920	Inversion	INVt2t	1.1956871809842466	1.1547433860673713
late	chrX	25773374	chrX	26491294	717920	Inversion	INVt2t	1.1956871809842466	1.1547433860673713
early	chrX	25773374	chrX	37772172	11998798	Inversion	INVt2t	1.1585849620572213	0.7229967028270092
late	chrX	25773374	chrX	77247706	51474332	Inversion	INVt2t	1.067045639870844	0.19437637595934765
early	chrX	26491311	chrX	31534043	5042732	Inversion	INVt2t	1.0946554951255243	0.7229967028270092
early	chrX	26491311	chrX	31534065	5042754	Inversion	INVt2t	1.0946554951255243	0.7229967028270092
early	chrX	26491311	chrX	37772172	11280861	Inversion	INVt2t	1.149449876078611	0.7229967028270092
early	chrX	26491312	chrX	31534043	5042731	Inversion	INVt2t	1.0946554951255243	0.7229967028270092
early	chrX	31534043	chrX	32734338	1200295	Inversion	INVt2t	1.087118096772926	1.087118096772926
late	chrX	31534060	chrX	37772172	6238112	Inversion	INVt2t	1.162426538047071	1.0650433403734194
early	chrX	31534060	chrX	81030399	49496339	Inversion	INVt2t	1.0661385088627473	0.19437637595934765
early	chrX	56327578	chrX	63862966	7535388	Inversion	INVt2t	1.141824532849163	0.9875547305127965
early	chrX	63862966	chrX	64546406	683440	Inversion	INVt2t	1.0056900999782525	0.9300632385425752
late	chrX	68220355	chrX	70601425	2381070	Inversion	INVt2t	1.0047725144763484	0.432416102231861
early	chrX	68220355	chrX	70842055	2621700	Inversion	INVt2t	1.0047725144763484	0.432416102231861
early	chrX	68220355	chrX	77247706	9027351	Inversion	INVt2t	0.9997454907264531	0.2744822309166522
late	chrX	68220355	chrX	78192396	9972041	Inversion	INVt2t	0.9889365856634006	0.2744822309166522
late	chrX	70601441	chrX	70842055	240614	Inversion	INVt2t	1.1913355111712853	1.1913355111712853
early	chrX	70601442	chrX	70842038	240596	Inversion	INVt2t	1.1913355111712853	1.1913355111712853
early	chrX	70842055	chrX	130520815	59678760	Inversion	INVt2t	1.1050400351239595	0.22844420010311092
early	chrX	70842055	chrX	77247706	6405651	Inversion	INVt2t	0.9865856503864363	0.2744822309166522
early	chrX	77247706	chrX	81030399	3782693	Inversion	INVt2t	1.1026660638236694	0.33072809402408604
early	chrX	86558528	chrX	91822263	5263735	Inversion	INVt2t	1.1516048029384922	1.073018051563218
early	chrX	86558528	chrX	97512099	10953571	Inversion	INVt2t	1.1324527883816116	1.0447390255752147
early	chrX	86558528	chrX	97580758	11022230	Inversion	INVt2t	1.1324527883816116	1.0447390255752147
late	chrX	97512095	chrX	97580758	68663	Inversion	INVt2t	1.049898049074344	1.049898049074344
late	chrX	97512101	chrX	97580758	68657	Inversion	INVt2t	1.049898049074344	1.049898049074344
