n_insert	n_wt	n_other	perc_guide	perc_Ins	sample	clone	day	replicate	n	perc_other
182	91090	116	72.02938301964123	0.1994039793145762	D2_day0_2	HEK293T	0	2	91388	0.0012709264615654308
1393	83620	122	71.92643033354736	1.6385729241410136	D2_day10_1	HEK293T	10	1	85135	0.0014350746356439604
838	49516	57	72.3921534838302	1.664217341224133	D2_day10_2	HEK293T	10	2	50411	0.0011319855423600905
440	53234	55	73.02517125149505	0.8197637589894549	D2_day16_1	HEK293T	16	1	53729	0.0010247046987368186
1161	147448	220	71.52455053560874	0.7812447429159741	D2_day16_2	HEK293T	16	2	148829	0.0014803948616840164
143	32758	41	72.31100184388445	0.43463724506853896	D2_day2_1	HEK293T	2	1	32942	0.0012461627306160907
599	121726	171	71.65981244990962	0.4896791334559575	D2_day2_2	HEK293T	2	2	122496	0.0013979153893316984
1549	95626	146	71.81990598271676	1.5940313866735272	D2_day7_1	HEK293T	7	1	97321	0.0015024440442500642
762	45261	90	72.28875999372943	1.6556938921843425	D2_day7_2	HEK293T	7	2	46113	0.0019555439671468614
11	10122	5	69.16359667076	0.10855620250666141	c12_day0_1	HAP1	0	1	10138	4.934372841211882e-4
119	21555	28	70.6859487981239	0.5490449386361539	c12_day2_1	HAP1	2	1	21702	0.0012918704438497739
438	72510	94	70.8450936460364	0.6004277019246587	c12_day2_2	HAP1	2	2	73042	0.0012885891319844272
99	15935	25	70.95078200936643	0.6174379443682175	c12_day4_1	HAP1	4	1	16059	0.0015591867282025696
18	3348	2	70.06448928645726	0.53475935828877	c12_day4_2	HAP1	4	2	3368	5.941770647653001e-4
1750	144558	44	79.77020390587953	1.1961068430981219	D2-day14-1	HEK293T	14	1	146352	3.007354348360992e-4
1644	137632	41	80.18567654524212	1.1803900169447716	D2-day14-2	HEK293T	14	2	139317	2.9437950544243085e-4
57	5831	6	78.13867161606788	0.968070652173913	D2-day18-1	HEK293T	18	1	5894	0.0010190217391304348
1103	177488	64	78.74045246395846	0.6176123096908579	D2-day18-2	HEK293T	18	2	178655	3.5836072366468634e-4
755	172930	107	78.14704731756231	0.4346949938106342	D2-day21-1	HEK293T	21	1	173792	6.160578057978524e-4
718	187764	115	77.83069285275074	0.380938232828599	D2-day21-2	HEK293T	21	2	188597	6.101378380959455e-4
580	186680	62	78.50584009823602	0.30972978746128377	D2-day24-1	HEK293T	24	1	187322	3.310904624586137e-4
364	144196	80	77.55163317391211	0.2517985611510791	D2-day24-2	HEK293T	24	2	144640	5.534034311012728e-4
7727	289417	185	77.62997117553681	2.600422690681959	D2-puro-1	HEK293T	NA	1	297329	6.225937592547721e-4
5638	200211	140	77.84332250018895	2.7389008447939993	D2-puro-2	HEK293T	NA	2	205989	6.801101778488115e-4
668	179215	53	75.12483508408624	0.37135249022976047	c12-day14-1	HAP1	14	1	179936	2.946359578170255e-4
505	134202	41	75.61785898673371	0.3748877192721982	c12-day14-2	HAP1	14	2	134748	3.043642869338639e-4
264	77116	34	76.0339832048323	0.34117342982682863	c12-day17-1	HAP1	17	1	77414	4.3939002326182476e-4
331	110050	39	75.71311025781678	0.29987044871852947	c12-day17-2	HAP1	17	2	110420	3.533216767378444e-4
458	173618	70	75.93222408260081	0.26310347204669227	c12-day21-1	HAP1	21	1	174146	4.0212321055171305e-4
243	89190	21	75.80269301493954	0.2717117842407165	c12-day21-2	HAP1	21	2	89454	2.3481265304753279e-4
231	128912	28	75.66027236784302	0.17887148354924384	c12-day23-1	HAP1	23	1	129171	2.1681391945362893e-4
394	158619	37	76.33569467641921	0.24777848352021534	c12-day23-2	HAP1	23	2	159050	2.3268537792507532e-4
825	154110	54	75.85935167465286	0.5324813631522897	c12-day9-1	HAP1	9	1	154989	3.485332558814987e-4
626	140004	56	75.77696624977108	0.44513972836521365	c12-day9-2	HAP1	9	2	140686	3.9820806371329017e-4
1849	247792	77	76.21649173032844	0.7406635929194323	c12-puro-1	HAP1	NA	1	249718	3.084429240389199e-4
2381	283560	94	75.87316408084013	0.8326892610713399	c12-puro-2	HAP1	NA	2	286035	3.2873914548805524e-4
83	78136	43	76.01352007614756	0.1061123256497782	c12_day25_R1	HAP1	25	1	78262	5.4973855457114e-4
117	56583	21	76.37031950559438	0.20634920634920637	c12_day25_R2	HAP1	25	2	56721	3.7037037037037035e-4
