chr	start	chr_2	end	category	SVTYPE	cell_line	arrest	timepoint	clone	sample	supp_reads	coverage	SVLEN
chr1	66783735	chr1	68998006	Inversion	INVh2h	HAP1	none	late	C516	C516_d14	2	67.95637988303031	2214271
chr1	66783735	chr1	68998006	Inversion	INVt2t	HAP1	none	late	C516	C516_d14	1	67.95637988303031	2214271
chr1	68998006	chr1	69885205	Deletion	DEL	HAP1	none	late	C516	C516_d14	1	67.95637988303031	887199
chr1	68998006	chr1	69925389	Deletion	DEL	HAP1	G1	late	C516R	C516R_PB_d17_BFP	1	34.66329909636364	927383
chr1	80396937	chr1	80396937	Fold back	FBh2h	HAP1	none	late	C516R	C516R_d13	2	95.61764404151515	0
chr1	80396937	chr1	100634828	Inversion	INVh2h	HAP1	G1	late	C516R	C516R_PB_d17_BFP	1	34.66329909636364	20237891
chr1	80948962	chr1	83687105	Deletion	DEL	HAP1	G1	late	C516R	C516R_PB_d17_BFP	2	34.66329909636364	2738143
chr1	83687105	chr1	85827515	Inversion	INVt2t	HAP1	none	late	C516	C516_d14	1	67.95637988303031	2140410
chr1	86630550	chr14	18705688	Translocation	TRAt2h	HAP1	G1	late	C516R	C516R_PB_d17_BFP	1	34.66329909636364	0
chr1	106166706	chr1	106166706	Fold back	FBh2h	HEK293T	none	late	HEK293T_F3R	F3R_d15	1	84.65843146878788	0
chr1	152550381	chr1	152939981	Deletion	DEL	HAP1	G1	late	C516R	C516R_PB_d17_BFP	2	34.66329909636364	389600
chr1	171376992	chr1	172233464	Inversion	INVh2h	HAP1	G1	late	C516R	C516R_PB_d17_BFP	2	34.66329909636364	856472
chr1	171376992	chr1	172233464	Inversion	INVh2h	HAP1	none	late	C516R	C516R_d13	1	95.61764404151515	856472
chr1	172233464	chr1	187601107	Inversion	INVh2h	HAP1	G1	late	C516R	C516R_PB_d17_BFP	1	34.66329909636364	15367643
chr10	1259724	chr10	1259724	Fold back	FBt2t	HEK293T	none	late	HEK293T_F3R	F3R_d15	1	84.65843146878788	0
chr10	22126500	chr10	23847324	Inversion	INVt2t	HAP1	G1	late	C516R	C516R_PB_d17_BFP	1	34.66329909636364	1720824
chr10	23893080	chr10	24064730	Inversion	INVh2h	HEK293T	none	late	HEK293T_F3R	F3R_d15	1	84.65843146878788	171650
chr10	59424610	chr10	59424610	Fold back	FBt2t	HAP1	none	late	C516R	C516R_d13	1	95.61764404151515	0
chr10	76220695	chr10	76220695	Fold back	FBh2h	HAP1	none	late	C516	C516_d14	1	67.95637988303031	0
chr10	90156039	chr10	115755758	Inversion	INVt2t	HAP1	none	late	C516	C516_d14	1	67.95637988303031	25599719
chr10	93538815	chr10	98545228	Inversion	INVt2t	HAP1	G1	late	C516R	C516R_PB_d17_BFP	1	34.66329909636364	5006413
chr10	95150939	chr10	98545228	Inversion	INVh2h	HAP1	none	late	C516	C516_d14	4	67.95637988303031	3394289
chr10	95150939	chr10	98545228	Inversion	INVt2t	HAP1	G1	late	C516R	C516R_PB_d17_BFP	1	34.66329909636364	3394289
chr10	95150939	chr10	98545228	Inversion	INVt2t	HAP1	none	late	C516	C516_d14	1	67.95637988303031	3394289
chr10	98230170	chr10	98545211	Deletion	DEL	HAP1	none	late	C516	C516_d14	1	67.95637988303031	315041
chr10	109798118	chr2	169310807	Translocation	TRAh2h	HAP1	G1	late	C516R	C516R_PB_d17_BFP	1	34.66329909636364	0
chr10	115755756	chr10	115755756	Fold back	FBh2h	HAP1	none	late	C516R	C516R_d13	1	95.61764404151515	0
chr11	8445967	chr11	27325020	Circle	CIRC	HAP1	G1	late	C516R	C516R_PB_d17_BFP	1	34.66329909636364	18879053
chr11	18899726	chr11	26968554	Inversion	INVt2t	HAP1	G1	late	C516R	C516R_PB_d17_BFP	1	34.66329909636364	8068828
chr11	39800024	chr11	39800024	Fold back	FBh2h	HEK293T	none	late	HEK293T_F3R	F3R_d15	1	84.65843146878788	0
chr11	63340739	chr11	63346998	Inversion	INVh2h	HAP1	none	late	C516	C516_d14	2	67.95637988303031	6259
chr11	63340739	chr11	63346998	Inversion	INVh2h	HAP1	none	late	C516R	C516R_d13	1	95.61764404151515	6259
chr11	63340739	chr11	63346998	Inversion	INVt2t	HAP1	none	late	C516	C516_d14	1	67.95637988303031	6259
chr11	63340739	chr11	63346998	Inversion	INVt2t	HAP1	none	late	C516R	C516R_d13	1	95.61764404151515	6259
chr11	63346998	chr11	89315843	Inversion	INVh2h	HAP1	G1	late	C516R	C516R_PB_d17_BFP	1	34.66329909636364	25968845
chr11	82123516	chr11	82159299	Inversion	INVh2h	HEK293T	none	late	HEK293T_F3R	F3R_d15	1	84.65843146878788	35783
chr11	82123516	chr11	82159299	Inversion	INVt2t	HEK293T	none	late	HEK293T_F3R	F3R_d15	1	84.65843146878788	35783
chr11	86827082	chr11	87620739	Inversion	INVh2h	HAP1	none	late	C516	C516_d14	2	67.95637988303031	793657
chr11	90092291	chr11	92565462	Deletion	DEL	HEK293T	none	late	HEK293T_F3R	F3R_d15	1	84.65843146878788	2473171
chr11	101836952	chr11	101836952	Fold back	FBt2t	HAP1	none	late	C516R	C516R_d13	1	95.61764404151515	0
chr12	21085046	chr12	30435093	Inversion	INVt2t	HAP1	none	late	C516	C516_d14	2	67.95637988303031	9350047
chr12	21085046	chr4	44596643	Translocation	TRAh2t	HAP1	G1	late	C516R	C516R_PB_d17_BFP	1	34.66329909636364	0
chr12	34074578	chr12	34434563	Inversion	INVh2h	HAP1	none	late	C516	C516_d14	1	67.95637988303031	359985
chr12	80125627	chr12	80246752	Inversion	INVh2h	HAP1	G1	late	C516R	C516R_PB_d17_BFP	1	34.66329909636364	121125
chr12	80125627	chr12	80246752	Inversion	INVh2h	HAP1	none	late	C516R	C516R_d13	1	95.61764404151515	121125
chr12	80125627	chr12	80246752	Inversion	INVt2t	HAP1	G1	late	C516R	C516R_PB_d17_BFP	1	34.66329909636364	121125
chr12	88404143	chr6	49390315	Translocation	TRAh2h	HAP1	G1	late	C516R	C516R_PB_d17_BFP	1	34.66329909636364	0
chr13	50472233	chr13	50554616	Inversion	INVh2h	HAP1	G1	late	C516R	C516R_PB_d17_BFP	1	34.66329909636364	82383
chr13	50472233	chr13	50554616	Inversion	INVt2t	HAP1	G1	late	C516R	C516R_PB_d17_BFP	4	34.66329909636364	82383
chr13	50472233	chr13	50554616	Inversion	INVt2t	HAP1	none	late	C516R	C516R_d13	1	95.61764404151515	82383
chr15	73511032	chr15	73534606	Deletion	DEL	HAP1	none	late	C516R	C516R_d13	1	95.61764404151515	23574
chr15	78611141	chr15	78611148	Fold back	FBh2h	HAP1	none	late	C516R	C516R_d13	1	95.61764404151515	0
chr15	78611145	chr15	78723251	Inversion	INVt2t	HAP1	none	late	C516	C516_d14	1	67.95637988303031	112106
chr16	51333365	chr16	51333348	Fold back	FBt2t	HAP1	none	late	C516	C516_d14	1	67.95637988303031	0
chr18	15369556	chr9	65065415	Translocation	TRAh2t	HAP1	none	late	C516	C516_d14	1	67.95637988303031	0
chr18	59406532	chr18	63691632	Deletion	DEL	HAP1	none	late	C516R	C516R_d13	2	95.61764404151515	4285100
chr18	63691632	chr18	68787417	Deletion	DEL	HAP1	none	late	C516R	C516R_d13	2	95.61764404151515	5095785
chr18	70717862	chr18	70856828	Deletion	DEL	HAP1	none	late	C516R	C516R_d13	2	95.61764404151515	138966
chr18	77418569	chr3	163432648	Translocation	TRAt2h	HAP1	none	late	C516R	C516R_d13	1	95.61764404151515	0
chr2	18014602	chr2	21211165	Inversion	INVt2t	HAP1	G1	late	C516R	C516R_PB_d17_BFP	2	34.66329909636364	3196563
chr2	21211165	chr4	144247063	Translocation	TRAt2t	HAP1	G1	late	C516R	C516R_PB_d17_BFP	2	34.66329909636364	0
chr2	62618996	chr2	65965655	Inversion	INVt2t	HAP1	none	late	C516R	C516R_d13	1	95.61764404151515	3346659
chr2	102327929	chr2	102568947	Deletion	DEL	HEK293T	none	late	HEK293T_F3R	F3R_d15	1	84.65843146878788	241018
chr2	132234760	chr2	134065480	Inversion	INVh2h	HAP1	none	late	C516R	C516R_d13	3	95.61764404151515	1830720
chr2	143664991	chr2	147770057	Inversion	INVt2t	HAP1	G1	late	C516R	C516R_PB_d17_BFP	1	34.66329909636364	4105066
chr2	169310774	chr2	169367441	Deletion	DEL	HAP1	G1	late	C516R	C516R_PB_d17_BFP	1	34.66329909636364	56667
chr2	169310790	chr2	169367424	Deletion	DEL	HAP1	none	late	C516	C516_d14	4	67.95637988303031	56634
chr2	169310790	chr2	170625172	Inversion	INVh2h	HAP1	none	late	C516R	C516R_d13	1	95.61764404151515	1314382
chr2	169310790	chr2	187186588	Inversion	INVh2h	HAP1	G1	late	C516R	C516R_PB_d17_BFP	1	34.66329909636364	17875798
chr2	173529881	chr2	174271872	Deletion	DEL	HAP1	G1	late	C516R	C516R_PB_d17_BFP	1	34.66329909636364	741991
chr2	173529881	chr2	174271872	Deletion	DEL	HAP1	none	late	C516R	C516R_d13	1	95.61764404151515	741991
chr2	178969176	chr2	179063767	Deletion	DEL	HAP1	G1	late	C516R	C516R_PB_d17_BFP	1	34.66329909636364	94591
chr2	179389320	chr2	179389320	Fold back	FBh2h	HEK293T	none	late	HEK293T_F3R	F3R_d15	1	84.65843146878788	0
chr2	185844300	chr2	185976314	Inversion	INVh2h	HAP1	none	late	C516R	C516R_d13	2	95.61764404151515	132014
chr2	185844321	chr2	185976314	Inversion	INVt2t	HAP1	none	late	C516R	C516R_d13	2	95.61764404151515	131993
chr2	185844321	chr2	185976331	Inversion	INVh2h	HAP1	none	late	C516R	C516R_d13	1	95.61764404151515	132010
chr2	201294096	chr7	99800218	Translocation	TRAh2t	HEK293T	none	late	HEK293T_F3R	F3R_d15	1	84.65843146878788	0
chr2	228231617	chr3	40904997	Translocation	TRAh2h	HAP1	none	late	C516R	C516R_d13	1	95.61764404151515	0
chr2	229967958	chr2	230339081	Inversion	INVh2h	HAP1	G1	late	C516R	C516R_PB_d17_BFP	1	34.66329909636364	371123
chr21	16153067	chr21	17750681	Inversion	INVh2h	HAP1	G1	late	C516R	C516R_PB_d17_BFP	1	34.66329909636364	1597614
chr21	17379476	chr21	17750664	Deletion	DEL	HAP1	none	late	C516R	C516R_d13	1	95.61764404151515	371188
chr3	4919975	chr3	8925485	Inversion	INVh2h	HAP1	G1	late	C516R	C516R_PB_d17_BFP	1	34.66329909636364	4005510
chr3	35902957	chr3	40904997	Inversion	INVh2h	HAP1	G1	late	C516R	C516R_PB_d17_BFP	1	34.66329909636364	5002040
chr3	40904997	chr3	40956476	Inversion	INVh2h	HAP1	G1	late	C516R	C516R_PB_d17_BFP	1	34.66329909636364	51479
chr3	40904997	chr3	41772644	Circle	CIRC	HEK293T	none	late	HEK293T_F3R	F3R_d15	1	84.65843146878788	867647
chr3	109510791	chr3	109762701	Deletion	DEL	HAP1	G1	late	C516R	C516R_PB_d17_BFP	4	34.66329909636364	251910
chr3	109762718	chr3	110120244	Deletion	DEL	HAP1	none	late	C516R	C516R_d13	1	95.61764404151515	357526
chr3	110120244	chr3	146735342	Inversion	INVt2t	HAP1	G1	late	C516R	C516R_PB_d17_BFP	1	34.66329909636364	36615098
chr3	119004052	chr3	119056549	Deletion	DEL	HEK293T	none	late	HEK293T_F3R	F3R_d15	1	84.65843146878788	52497
chr3	161046513	chr3	161046513	Fold back	FBt2t	HEK293T	none	late	HEK293T_F3R	F3R_d15	1	84.65843146878788	0
chr3	162381646	chr3	167132904	Deletion	DEL	HEK293T	none	late	HEK293T_F3R	F3R_d15	2	84.65843146878788	4751258
chr3	164706047	chr3	167132904	Inversion	INVh2h	HEK293T	none	late	HEK293T_F3R	F3R_d15	1	84.65843146878788	2426857
chr3	166629319	chr3	167132904	Deletion	DEL	HAP1	G1	late	C516R	C516R_PB_d17_BFP	2	34.66329909636364	503585
chr4	21267938	chr4	23618212	Deletion	DEL	HAP1	none	late	C516R	C516R_d13	1	95.61764404151515	2350274
chr4	43287246	chr4	44596643	Inversion	INVh2h	HAP1	G1	late	C516R	C516R_PB_d17_BFP	1	34.66329909636364	1309397
chr4	46753006	chr4	47352340	Deletion	DEL	HAP1	none	late	C516R	C516R_d13	1	95.61764404151515	599334
chr4	61747282	chr4	119577260	Inversion	INVh2h	HEK293T	none	late	HEK293T_F3R	F3R_d15	1	84.65843146878788	57829978
chr4	66548669	chr4	67297431	Deletion	DEL	HAP1	G1	late	C516R	C516R_PB_d17_BFP	1	34.66329909636364	748762
chr4	66548669	chr4	67297431	Deletion	DEL	HAP1	none	late	C516	C516_d14	1	67.95637988303031	748762
chr4	66548669	chr4	67297431	Deletion	DEL	HAP1	none	late	C516R	C516R_d13	1	95.61764404151515	748762
chr4	66548669	chr6	49390315	Translocation	TRAt2t	HAP1	G1	late	C516R	C516R_PB_d17_BFP	1	34.66329909636364	0
chr4	66985759	chr4	67097329	Inversion	INVt2t	HAP1	G1	late	C516R	C516R_PB_d17_BFP	2	34.66329909636364	111570
chr4	69667446	chr4	69667446	Fold back	FBt2t	HEK293T	none	late	HEK293T_F3R	F3R_d15	1	84.65843146878788	0
chr4	69667446	chr4	69667448	Fold back	FBt2t	HAP1	none	late	C516R	C516R_d13	1	95.61764404151515	0
chr4	84760393	chr4	84983266	Inversion	INVt2t	HAP1	G1	late	C516R	C516R_PB_d17_BFP	1	34.66329909636364	222873
chr4	90492106	chr4	90915072	Deletion	DEL	HAP1	none	late	C516R	C516R_d13	1	95.61764404151515	422966
chr4	90492106	chr4	91523460	Inversion	INVh2h	HAP1	none	late	C516	C516_d14	1	67.95637988303031	1031354
chr4	90492106	chr4	91523463	Inversion	INVt2t	HAP1	G1	late	C516R	C516R_PB_d17_BFP	1	34.66329909636364	1031357
chr4	105863672	chr4	105863672	Fold back	FBt2t	HEK293T	none	late	HEK293T_F3R	F3R_d15	1	84.65843146878788	0
chr4	105981651	chr4	106900927	Deletion	DEL	HAP1	none	late	C516R	C516R_d13	1	95.61764404151515	919276
chr4	106900927	chr4	107675608	Inversion	INVh2h	HAP1	G1	late	C516R	C516R_PB_d17_BFP	1	34.66329909636364	774681
chr4	106900927	chr4	107675608	Inversion	INVh2h	HAP1	none	late	C516R	C516R_d13	1	95.61764404151515	774681
chr4	133736523	chr4	135080491	Inversion	INVh2h	HAP1	none	late	C516R	C516R_d13	1	95.61764404151515	1343968
chr4	135080491	chr4	170412204	Inversion	INVh2h	HAP1	G1	late	C516R	C516R_PB_d17_BFP	1	34.66329909636364	35331713
chr4	137915588	chr4	137915588	Fold back	FBt2t	HAP1	none	late	C516R	C516R_d13	1	95.61764404151515	0
chr4	143675965	chr4	143675965	Fold back	FBt2t	HAP1	none	late	C516	C516_d14	1	67.95637988303031	0
chr4	143675965	chr4	144247066	Deletion	DEL	HAP1	G1	late	C516R	C516R_PB_d17_BFP	2	34.66329909636364	571101
chr4	156287177	chr4	156287177	Fold back	FBh2h	HAP1	none	late	C516R	C516R_d13	1	95.61764404151515	0
chr4	164245032	chr4	164354187	Inversion	INVt2t	HAP1	G1	late	C516R	C516R_PB_d17_BFP	1	34.66329909636364	109155
chr4	170412204	chr4	170434860	Deletion	DEL	HAP1	G1	late	C516R	C516R_PB_d17_BFP	2	34.66329909636364	22656
chr4	170412204	chr4	170434860	Deletion	DEL	HAP1	none	late	C516R	C516R_d13	2	95.61764404151515	22656
chr5	32758182	chr5	32922330	Deletion	DEL	HAP1	G1	late	C516R	C516R_PB_d17_BFP	1	34.66329909636364	164148
chr5	32922330	chr5	33572173	Inversion	INVh2h	HAP1	G1	late	C516R	C516R_PB_d17_BFP	1	34.66329909636364	649843
chr5	36919114	chr5	36919114	Fold back	FBt2t	HEK293T	none	late	HEK293T_F3R	F3R_d15	1	84.65843146878788	0
chr5	60559044	chr5	62866711	Inversion	INVh2h	HAP1	none	late	C516	C516_d14	1	67.95637988303031	2307667
chr5	60559044	chr5	62866711	Inversion	INVt2t	HAP1	G1	late	C516R	C516R_PB_d17_BFP	1	34.66329909636364	2307667
chr5	62820724	chr5	62866711	Inversion	INVh2h	HAP1	G1	late	C516R	C516R_PB_d17_BFP	1	34.66329909636364	45987
chr5	62866711	chr5	132106916	Inversion	INVh2h	HAP1	none	late	C516	C516_d14	2	67.95637988303031	69240205
chr5	88796226	chr5	89737314	Inversion	INVh2h	HAP1	none	late	C516R	C516R_d13	1	95.61764404151515	941088
chr5	120423801	chr5	120488237	Inversion	INVh2h	HEK293T	none	late	HEK293T_F3R	F3R_d15	2	84.65843146878788	64436
chr5	132106916	chr5	132517387	Inversion	INVt2t	HAP1	G1	late	C516R	C516R_PB_d17_BFP	2	34.66329909636364	410471
chr5	132106916	chr5	132517404	Inversion	INVh2h	HAP1	G1	late	C516R	C516R_PB_d17_BFP	1	34.66329909636364	410488
chr5	176055305	chr5	176285061	Inversion	INVh2h	HAP1	G1	late	C516R	C516R_PB_d17_BFP	3	34.66329909636364	229756
chr5	176055305	chr5	176285061	Inversion	INVt2t	HAP1	G1	late	C516R	C516R_PB_d17_BFP	2	34.66329909636364	229756
chr6	49390315	chr6	115124814	Inversion	INVt2t	HAP1	G1	late	C516R	C516R_PB_d17_BFP	1	34.66329909636364	65734499
chr6	64094344	chr6	66654440	Inversion	INVt2t	HAP1	G1	late	C516R	C516R_PB_d17_BFP	1	34.66329909636364	2560096
chr6	80494861	chr6	104062029	Inversion	INVt2t	HAP1	none	late	C516	C516_d14	2	67.95637988303031	23567168
chr6	84820158	chr6	86924732	Deletion	DEL	HAP1	G1	late	C516R	C516R_PB_d17_BFP	1	34.66329909636364	2104574
chr6	92627914	chr6	93634177	Deletion	DEL	HAP1	none	late	C516R	C516R_d13	1	95.61764404151515	1006263
chr6	92998726	chr6	93035581	Inversion	INVt2t	HAP1	G1	late	C516R	C516R_PB_d17_BFP	1	34.66329909636364	36855
chr6	93035581	chr6	93634177	Deletion	DEL	HAP1	none	late	C516R	C516R_d13	2	95.61764404151515	598596
chr6	98010725	chr6	104062029	Inversion	INVt2t	HAP1	G1	late	C516R	C516R_PB_d17_BFP	1	34.66329909636364	6051304
chr6	99972150	chr6	104062029	Inversion	INVt2t	HAP1	G1	late	C516R	C516R_PB_d17_BFP	1	34.66329909636364	4089879
chr6	104062029	chr6	104492832	Deletion	DEL	HAP1	G1	late	C516R	C516R_PB_d17_BFP	2	34.66329909636364	430803
chr6	104062029	chr6	104873106	Inversion	INVt2t	HAP1	G1	late	C516R	C516R_PB_d17_BFP	1	34.66329909636364	811077
chr6	135768074	chr6	135768114	Fold back	FBt2t	HAP1	none	late	C516R	C516R_d13	1	95.61764404151515	0
chr6	141973095	chr6	141973095	Fold back	FBt2t	HAP1	G1	late	C516R	C516R_PB_d17_BFP	1	34.66329909636364	0
chr7	54308617	chr7	91217683	Deletion	DEL	HAP1	G1	late	C516R	C516R_PB_d17_BFP	1	34.66329909636364	36909066
chr7	114058493	chr7	114252381	Deletion	DEL	HAP1	G1	late	C516R	C516R_PB_d17_BFP	1	34.66329909636364	193888
chr7	136111443	chr7	137185032	Deletion	DEL	HAP1	none	late	C516R	C516R_d13	1	95.61764404151515	1073589
chr7	136111449	chr7	141982674	Inversion	INVh2h	HAP1	none	late	C516R	C516R_d13	1	95.61764404151515	5871225
chr7	141982674	chr7	143162803	Inversion	INVt2t	HAP1	G1	late	C516R	C516R_PB_d17_BFP	1	34.66329909636364	1180129
chr8	24451239	chr8	27551990	Inversion	INVt2t	HAP1	G1	late	C516R	C516R_PB_d17_BFP	1	34.66329909636364	3100751
chr8	24451239	chr8	33700810	Inversion	INVh2h	HAP1	G1	late	C516R	C516R_PB_d17_BFP	1	34.66329909636364	9249571
chr8	24451239	chr8	36487228	Inversion	INVt2t	HAP1	G1	late	C516R	C516R_PB_d17_BFP	2	34.66329909636364	12035989
chr8	34543794	chr8	36487228	Deletion	DEL	HAP1	none	late	C516R	C516R_d13	1	95.61764404151515	1943434
chr8	36487228	chr8	40140804	Inversion	INVt2t	HAP1	G1	late	C516R	C516R_PB_d17_BFP	1	34.66329909636364	3653576
chr8	36487228	chr8	43309876	Inversion	INVt2t	HAP1	G1	late	C516R	C516R_PB_d17_BFP	1	34.66329909636364	6822648
chr8	43309876	chr8	94123923	Inversion	INVh2h	HAP1	none	late	C516	C516_d14	3	67.95637988303031	50814047
chr8	43491297	chr8	47022166	Inversion	INVh2h	HEK293T	none	late	HEK293T_F3R	F3R_d15	1	84.65843146878788	3530869
chr8	63776772	chr8	71744100	Inversion	INVt2t	HAP1	none	late	C516R	C516R_d13	2	95.61764404151515	7967328
chr8	70811865	chr8	71744100	Deletion	DEL	HEK293T	none	late	HEK293T_F3R	F3R_d15	9	84.65843146878788	932235
chr8	75281807	chr8	77943941	Inversion	INVh2h	HAP1	G1	late	C516R	C516R_PB_d17_BFP	1	34.66329909636364	2662134
chr8	75327648	chr8	75327648	Fold back	FBt2t	HEK293T	none	late	HEK293T_F3R	F3R_d15	1	84.65843146878788	0
chr9	4534636	chr9	14457924	Inversion	INVt2t	HAP1	G1	late	C516R	C516R_PB_d17_BFP	1	34.66329909636364	9923288
chr9	31553033	chr9	32052477	Deletion	DEL	HAP1	G1	late	C516R	C516R_PB_d17_BFP	1	34.66329909636364	499444
chr9	32052461	chr9	32227633	Inversion	INVh2h	HAP1	none	late	C516R	C516R_d13	1	95.61764404151515	175172
chr9	32052477	chr9	32227650	Inversion	INVh2h	HAP1	none	late	C516R	C516R_d13	1	95.61764404151515	175173
chr9	95701016	chr9	100799087	Inversion	INVt2t	HAP1	none	late	C516R	C516R_d13	2	95.61764404151515	5098071
chrX	21343135	chrX	25773374	Inversion	INVh2h	HAP1	none	late	C516	C516_d14	1	67.95637988303031	4430239
chrX	23456317	chrX	55808641	Inversion	INVt2t	HAP1	none	late	C516R	C516R_d13	1	95.61764404151515	32352324
chrX	25773374	chrX	26491294	Inversion	INVt2t	HAP1	G1	late	C516R	C516R_PB_d17_BFP	1	34.66329909636364	717920
chrX	25773374	chrX	26491311	Inversion	INVh2h	HAP1	G1	late	C516R	C516R_PB_d17_BFP	1	34.66329909636364	717937
chrX	25773374	chrX	26491311	Inversion	INVh2h	HAP1	none	late	C516R	C516R_d13	1	95.61764404151515	717937
chrX	25773374	chrX	77247706	Inversion	INVt2t	HAP1	G1	late	C516R	C516R_PB_d17_BFP	1	34.66329909636364	51474332
chrX	31534060	chrX	37772172	Inversion	INVt2t	HAP1	G1	late	C516R	C516R_PB_d17_BFP	2	34.66329909636364	6238112
chrX	54718967	chrX	55345650	Deletion	DEL	HEK293T	none	late	HEK293T_F3R	F3R_d15	1	84.65843146878788	626683
chrX	63522689	chrX	63522689	Fold back	FBh2h	HAP1	none	late	C516R	C516R_d13	1	95.61764404151515	0
chrX	63599785	chrX	130520798	Deletion	DEL	HAP1	G1	late	C516R	C516R_PB_d17_BFP	1	34.66329909636364	66921013
chrX	63862966	chrX	104548461	Inversion	INVh2h	HAP1	none	late	C516R	C516R_d13	1	95.61764404151515	40685495
chrX	68220355	chrX	70601425	Inversion	INVt2t	HAP1	G1	late	C516R	C516R_PB_d17_BFP	1	34.66329909636364	2381070
chrX	70601441	chrX	70842055	Inversion	INVt2t	HAP1	G1	late	C516R	C516R_PB_d17_BFP	2	34.66329909636364	240614
chrX	70601442	chrX	70940547	Deletion	DEL	HAP1	G1	late	C516R	C516R_PB_d17_BFP	1	34.66329909636364	339105
chrX	70601443	chrX	70842055	Inversion	INVh2h	HAP1	G1	late	C516R	C516R_PB_d17_BFP	2	34.66329909636364	240612
chrX	74764557	chrX	105963154	Deletion	DEL	HEK293T	none	late	HEK293T_F3R	F3R_d15	1	84.65843146878788	31198597
chrX	81030399	chrX	81687494	Inversion	INVh2h	HAP1	none	late	C516	C516_d14	1	67.95637988303031	657095
chrX	86558528	chrX	130520815	Circle	CIRC	HAP1	none	late	C516R	C516R_d13	2	95.61764404151515	43962287
chrX	97512095	chrX	97580758	Inversion	INVt2t	HAP1	none	late	C516	C516_d14	1	67.95637988303031	68663
chrX	97512101	chrX	97580758	Inversion	INVt2t	HAP1	G1	late	C516R	C516R_PB_d17_BFP	1	34.66329909636364	68657
chrX	105800347	chrX	105963154	Inversion	INVh2h	HEK293T	none	late	HEK293T_F3R	F3R_d15	1	84.65843146878788	162807
chrX	117559223	chrX	149180758	Deletion	DEL	HEK293T	none	late	HEK293T_F3R	F3R_d15	1	84.65843146878788	31621535
chrX	128736306	chrX	129291510	Inversion	INVh2h	HAP1	G1	late	C516R	C516R_PB_d17_BFP	1	34.66329909636364	555204
chrX	128736309	chrX	130520798	Inversion	INVt2t	HAP1	none	late	C516R	C516R_d13	1	95.61764404151515	1784489
chrX	129856234	chrX	136442861	Inversion	INVt2t	HAP1	none	late	C516R	C516R_d13	2	95.61764404151515	6586627
chrX	129856234	chrX	137077312	Inversion	INVh2h	HAP1	G1	late	C516R	C516R_PB_d17_BFP	2	34.66329909636364	7221078
chrX	129856243	chrX	155431095	Deletion	DEL	HAP1	none	late	C516	C516_d14	1	67.95637988303031	25574852
chrX	130520815	chrX	131582150	Inversion	INVh2h	HAP1	G1	late	C516R	C516R_PB_d17_BFP	2	34.66329909636364	1061335
chrX	130520815	chrX	131582150	Inversion	INVt2t	HAP1	G1	late	C516R	C516R_PB_d17_BFP	1	34.66329909636364	1061335
chrX	130520815	chrX	131582150	Inversion	INVt2t	HAP1	none	late	C516	C516_d14	2	67.95637988303031	1061335
chrX	136442861	chrX	136442861	Fold back	FBh2h	HAP1	none	late	C516	C516_d14	1	67.95637988303031	0
chr1	199650890	chr6	49390298	Translocation	TRAt2t	HAP1	G1	clones	C516R	C516R_G1_D61	1	6.3869061918181815	0
chr1	199650890	chr6	49390315	Translocation	TRAh2h	HAP1	G1	clones	C516R	C516R_G1_D61	1	6.3869061918181815	0
chr11	63340739	chr9	34764287	Translocation	TRAt2t	HAP1	G1	clones	C516R	C516R_G1_G32	1	6.507732854848485	0
chr11	63340739	chr9	34764304	Translocation	TRAh2h	HAP1	G1	clones	C516R	C516R_G1_G32	1	6.507732854848485	0
chr12	41084043	chr12	48381699	Inversion	INVt2t	HEK293T	none	clones	HEK293T_F3R	F3R_c5	1	1.155210617878788	7297656
chr14	24529501	chr14	24529501	Fold back	FBh2h	HEK293T	none	clones	HEK293T_F3R	F3R_c6	1	31.200904943939396	0
chr2	143664991	chr2	157371958	Inversion	INVt2t	HAP1	G1	clones	C516R	C516R_G1_D101	1	7.747385535757576	13706967
chr2	143664991	chr2	157371975	Inversion	INVh2h	HAP1	G1	clones	C516R	C516R_G1_D101	1	7.747385535757576	13706984
chr2	173529881	chr2	174271872	Deletion	DEL	HAP1	none	clones	C516R	C516R_c11	1	1.843213636969697	741991
chr3	29997342	chr3	65697298	Inversion	INVh2h	HAP1	G1	clones	C516R	C516R_G1_D22	1	3.877736026060606	35699956
chr3	29997342	chr3	65697298	Inversion	INVt2t	HAP1	G1	clones	C516R	C516R_G1_D22	1	3.877736026060606	35699956
chr3	109510791	chr3	109762701	Deletion	DEL	HAP1	G1	clones	C516R	C516R_G1_D21	1	5.838383340909091	251910
chr3	109762718	chr3	110120244	Deletion	DEL	HAP1	G1	clones	C516R	C516R_G1_D101	1	7.747385535757576	357526
chr3	110120544	chr3	146735642	Inversion	INVt2t	HAP1	G1	clones	C516R	C516R_G1_D61	1	6.3869061918181815	36615098
chr3	176709114	chr3	177391363	Deletion	DEL	HEK293T	none	clones	HEK293T_F3R	F3R_c6	1	31.200904943939396	682249
chr4	106900927	chr4	142994455	Inversion	INVt2t	HAP1	G1	clones	C516R	C516R_G1_A31	1	4.95007271030303	36093528
chr4	106900927	chr4	143675965	Inversion	INVh2h	HAP1	G1	clones	C516R	C516R_G1_A31	1	4.95007271030303	36775038
chr4	170412204	chr4	170434860	Deletion	DEL	HAP1	none	clones	C516R	C516R_c7	1	5.51491382969697	22656
chr4	170412204	chr4	170434860	Deletion	DEL	HAP1	none	clones	C516R	C516R_c8	1	9.625778020909092	22656
chr6	93035581	chr6	93634177	Deletion	DEL	HAP1	G1	clones	C516R	C516R_G1_D101	1	7.747385535757576	598596
chr6	93035581	chr6	93634177	Deletion	DEL	HAP1	none	clones	C516R	C516R_c10	1	1.6766458351515152	598596
chr6	102725544	chr6	115124797	Inversion	INVt2t	HAP1	G1	clones	C516R	C516R_G1_D101	1	7.747385535757576	12399253
chr6	102725544	chr6	115124814	Inversion	INVh2h	HAP1	G1	clones	C516R	C516R_G1_D101	1	7.747385535757576	12399270
chr7	147322664	chr7	147845184	Inversion	INVt2t	HAP1	G1	clones	C516R	C516R_G1_E12	1	6.709188379090909	522520
chr7	147322664	chr7	147845201	Inversion	INVh2h	HAP1	G1	clones	C516R	C516R_G1_E12	1	6.709188379090909	522537
chr8	75281807	chr8	75445837	Inversion	INVt2t	HAP1	G1	clones	C516R	C516R_G1_A31	1	4.95007271030303	164030
chr8	75281807	chr8	75445854	Inversion	INVh2h	HAP1	G1	clones	C516R	C516R_G1_A31	1	4.95007271030303	164047
chr8	76108907	chr8	77943924	Inversion	INVt2t	HAP1	G1	clones	C516R	C516R_G1_D21	1	5.838383340909091	1835017
chr8	76108907	chr8	77943941	Inversion	INVh2h	HAP1	G1	clones	C516R	C516R_G1_D21	1	5.838383340909091	1835034
chr9	105747165	chr9	105787660	Inversion	INVt2t	HAP1	none	clones	C516R	C516R_c10	1	1.6766458351515152	40495
chrX	68220355	chrX	78192396	Inversion	INVt2t	HAP1	G1	clones	C516R	C516R_G1_D21	1	5.838383340909091	9972041
chrX	68220355	chrX	78192413	Inversion	INVh2h	HAP1	G1	clones	C516R	C516R_G1_D21	1	5.838383340909091	9972058
chrX	70842055	chrX	70940547	Deletion	DEL	HAP1	G1	clones	C516R	C516R_G1_D61	1	6.3869061918181815	98492
chrX	74996623	chrX	106575731	Inversion	INVh2h	HEK293T	none	clones	HEK293T_F3R	F3R_c4	1	16.819512685454544	31579108
chrX	74996623	chrX	106575731	Inversion	INVt2t	HEK293T	none	clones	HEK293T_F3R	F3R_c4	1	16.819512685454544	31579108
chrX	129856234	chrX	136442861	Inversion	INVh2h	HAP1	none	clones	C516R	C516R_c8	1	9.625778020909092	6586627
chrX	129856234	chrX	136442861	Inversion	INVt2t	HAP1	none	clones	C516R	C516R_c8	1	9.625778020909092	6586627
chrX	70601442	chrX	70842055	Deletion	DEL	HAP1	G1	clones	C516R	C516R_G1_C31	1	7.056138	240613
chr2	18014602	chr2	21211162	Deletion	DEL	HAP1	G1	clones	C516R	C516R_G1_C31	1	7.056138	3196560
chr10	22126500	chr10	23847324	Deletion	DEL	HAP1	none	clones	C516R	C516R_c8	1	9.625778	1720824
chr4	170412204	chr4	170434860	Deletion	DEL	HAP1	none	clones	C516R	C516R_c10	1	1.676646	22656
chr20	24399094	chr20	30143424	Inversion	INVt2t	HEK293T	none	clones	HEK293T_F3R	F3R_c5t8	1	16.3059038	5744330
chrX	75250635	chrX	113482819	Inversion	INVh2h	HEK293T	none	clones	HEK293T_F3R	F3R_c5t8	1	16.3059038	38232184
chrX	75250635	chrX	113482819	Inversion	INVt2t	HEK293T	none	clones	HEK293T_F3R	F3R_c5t8	1	16.3059038	38232167
chr3	119004052	chr3	119056546	Deletion	DEL	HEK293T	none	clones	HEK293T_F3R	F3R_c5t8	1	16.3059038	52477
chr8	127771721	chr8	128347085	Deletion	DEL	HEK293T	none	clones	HEK293T_F3R	F3R_c5t8	1	16.3059038	575347
chr2	18014601	chr2	18694781	Deletion	DEL	HAP1	G1	clones	C516R	C516R_G1_D21	1	5.838383	680180
chr2	76907917	chr2	77757190	Deletion	DEL	HAP1	G1	clones	C516R	C516R_G1_D61	1	6.386906	849273
